-- phpMyAdmin SQL Dump
-- version 4.9.4
-- https://www.phpmyadmin.net/
--
-- Host: mysql2001.my-virtual-panel.com:3306
-- Generation Time: Apr 06, 2021 at 02:36 AM
-- Server version: 5.6.23
-- PHP Version: 7.3.6

SET SQL_MODE = "NO_AUTO_VALUE_ON_ZERO";
SET AUTOCOMMIT = 0;
START TRANSACTION;
SET time_zone = "+00:00";


/*!40101 SET @OLD_CHARACTER_SET_CLIENT=@@CHARACTER_SET_CLIENT */;
/*!40101 SET @OLD_CHARACTER_SET_RESULTS=@@CHARACTER_SET_RESULTS */;
/*!40101 SET @OLD_COLLATION_CONNECTION=@@COLLATION_CONNECTION */;
/*!40101 SET NAMES utf8mb4 */;

--
-- Database: `alimi_system`
--

-- --------------------------------------------------------

--
-- Table structure for table `accounts`
--

CREATE TABLE `accounts` (
  `id` bigint(20) UNSIGNED NOT NULL,
  `user_id` bigint(20) UNSIGNED NOT NULL,
  `type_id` bigint(20) UNSIGNED NOT NULL,
  `name` varchar(191) NOT NULL,
  `ref_code` varchar(191) NOT NULL,
  `status` tinyint(1) NOT NULL,
  `description` text CHARACTER SET utf8mb4 COLLATE utf8mb4_unicode_ci,
  `system` tinyint(1) NOT NULL DEFAULT '0',
  `created_at` timestamp NULL DEFAULT NULL,
  `updated_at` timestamp NULL DEFAULT NULL
) ENGINE=InnoDB DEFAULT CHARSET=utf8;

--
-- Dumping data for table `accounts`
--

INSERT INTO `accounts` (`id`, `user_id`, `type_id`, `name`, `ref_code`, `status`, `description`, `system`, `created_at`, `updated_at`) VALUES
(17, 4, 11, 'پول نقد دالری', 'Primary-2', 0, 'Primary', 0, '2021-02-27 17:55:32', NULL),
(22, 4, 11, 'پول نقد افغانی', 'Primary-3', 1, 'حساب پول نقد افغانی', 0, '2021-01-04 02:01:20', '2021-01-04 02:01:20'),
(34, 3, 16, 'هزینه انتقالات', 'Primary-4', 0, 'Primary', 0, '2021-02-27 17:55:23', NULL),
(99, 3, 9, 'حساب مشتریان عادی', 'Primary-5', 0, 'Primary', 0, '2021-02-27 17:55:13', NULL),
(143, 15, 2, 'ریاست محافظت رئیس جمهور', '1223', 1, 'ریاست محافظت رئیس جمهور', 1, '2021-02-25 12:43:57', '2021-02-25 12:43:57'),
(144, 15, 2, 'وزارت معارف', '1223', 1, 'وزارت معارف', 1, '2021-02-25 12:51:07', '2021-02-25 12:51:07'),
(145, 15, 2, 'وزارت امور خارجه', '1223', 1, 'وزارت امور خارجه', 1, '2021-02-25 12:54:49', '2021-02-25 12:54:49'),
(146, 15, 2, 'وزارت اقتصاد', '1223', 1, 'وزارت اقتصاد', 1, '2021-02-25 13:21:34', '2021-02-25 13:21:34'),
(149, 15, 2, 'وزارت شهدا و معلولین', '1223', 1, 'وزارت شهدا و معلولین', 1, '2021-02-25 13:30:28', '2021-02-25 13:30:28'),
(150, 15, 2, 'وزارت اطلاعات و فرهنگ', '1223', 1, 'وزارت اطلاعات و فرهنگ', 1, '2021-02-25 13:32:23', '2021-02-25 13:32:23'),
(151, 15, 2, 'وزارت امور زنان', '1223', 1, 'وزارت امور زنان', 1, '2021-02-25 13:37:10', '2021-02-25 13:37:10'),
(152, 15, 2, 'اداره تنظیم امور آب', '1223', 1, 'اداره تنظیم امور آب', 1, '2021-02-25 13:40:15', '2021-02-25 13:40:15'),
(153, 15, 2, 'وزارت احیاء و انکشاف دهات', '1223', 1, 'وزارت احیاء و انکشاف دهات', 1, '2021-02-25 13:48:11', '2021-02-25 13:48:11'),
(154, 15, 2, 'وزارت سرحدات اقوام و قبایل', '1223', 1, 'وزارت سرحدات اقوام و قبایل', 1, '2021-02-25 13:56:53', '2021-02-25 13:56:53'),
(155, 15, 2, 'اداره امور ریاست جمهوری', '1223', 1, 'اداره امور ریاست جمهوری', 1, '2021-02-25 14:02:15', '2021-02-25 14:02:15'),
(156, 15, 2, 'اداره تعلیمات تخنیکی و مسلکی', '1223', 1, 'اداره تعلیمات تخنیکی و مسلکی', 1, '2021-02-25 14:09:24', '2021-02-25 14:09:24'),
(157, 15, 2, 'ریاست امنیت ملی', '1223', 1, 'ریاست امنیت ملی', 1, '2021-02-25 14:35:11', '2021-02-25 14:35:11'),
(158, 15, 2, 'وزارت تحصیلات عالی', '1223', 1, 'وزارت تحصیلات عالی', 1, '2021-02-25 14:38:13', '2021-02-25 14:38:13'),
(159, 15, 2, 'وزارت ترانسپورت و هوا نوردی', '1223', 1, 'وزارت ترانسپورت و هوا نوردی', 1, '2021-02-25 14:41:21', '2021-02-25 14:41:21'),
(160, 15, 2, 'اداره عالی تفتیش', '1223', 1, 'اداره عالی تفتیش', 1, '2021-02-25 14:43:05', '2021-02-25 14:43:05'),
(161, 15, 2, 'وزارت ارشاد و حج و اوقاف', '1223', 1, 'وزارت ارشاد و حج و اوقاف', 1, '2021-02-25 14:44:49', '2021-02-25 14:44:49'),
(162, 15, 2, 'دافغانستان بانک', '1223', 1, 'دافغانستان بانک', 1, '2021-02-25 14:46:32', '2021-02-25 14:46:32'),
(163, 15, 2, 'وزارت دفاع ملی', '1223', 1, 'وزارت دفاع ملی', 1, '2021-02-25 14:50:42', '2021-02-25 14:50:42'),
(164, 15, 2, 'وزارت زراعت و آبیاری و مالداری', '1223', 1, 'وزارت زراعت و آبیاری و مالداری', 1, '2021-02-25 14:58:06', '2021-02-25 14:58:06'),
(165, 15, 2, 'وزارت صحت عامه', '1223', 1, 'وزارت صحت عامه', 1, '2021-02-25 15:00:53', '2021-02-25 15:00:53'),
(166, 15, 2, 'وزارت صنایع وتجارت', '1223', 1, 'وزارت صنایع وتجارت', 1, '2021-02-25 15:02:52', '2021-02-25 15:02:52'),
(167, 15, 2, 'وزارت صنایع وتجارت', '1223', 1, 'وزارت صنایع وتجارت', 1, '2021-02-25 15:03:16', '2021-02-25 15:03:16'),
(168, 15, 2, 'وزارت صنایع وتجارت', '1223', 1, 'وزارت صنایع وتجارت', 1, '2021-02-25 15:04:08', '2021-02-25 15:04:08'),
(169, 15, 2, 'وزارت صنایع وتجارت', '1223', 1, 'وزارت صنایع وتجارت', 1, '2021-02-25 15:04:36', '2021-02-25 15:04:36'),
(170, 15, 2, 'وزارت صنایع وتجارت', '1223', 1, 'وزارت صنایع وتجارت', 1, '2021-02-25 15:04:41', '2021-02-25 15:04:41'),
(171, 15, 2, 'وزارت صنایع وتجارت', '1223', 1, 'وزارت صنایع وتجارت', 1, '2021-02-25 15:05:08', '2021-02-25 15:05:08'),
(172, 15, 2, 'وزارت صنایع وتجارت', '1223', 1, 'وزارت صنایع وتجارت', 1, '2021-02-25 15:05:15', '2021-02-25 15:05:15'),
(173, 15, 2, 'وزارت صنایع وتجارت', '1223', 1, 'وزارت صنایع وتجارت', 1, '2021-02-25 15:06:38', '2021-02-25 15:06:38'),
(174, 15, 2, 'وزارت صنایع و تجارت', '1223', 1, 'وزارت صنایع و تجارت', 1, '2021-02-25 15:09:32', '2021-02-25 15:09:32'),
(175, 15, 2, 'وزارت عدلیه', '1223', 1, 'وزارت عدلیه', 1, '2021-02-25 15:12:09', '2021-02-25 15:12:09'),
(176, 15, 2, 'وزارت فواید عامه', '1223', 1, 'وزارت فواید عامه', 1, '2021-02-25 15:14:09', '2021-02-25 15:14:09'),
(177, 15, 2, 'وزارت مالیه', '1223', 1, 'وزارت مالیه', 1, '2021-02-25 15:15:58', '2021-02-25 15:15:58'),
(178, 15, 2, 'وزارت مبارزه با حوادث', '1223', 1, 'وزارت مبارزه با حوادث', 1, '2021-02-25 15:21:25', '2021-02-25 15:21:25'),
(179, 15, 2, 'وزارت معادن و پطرولیم', '1223', 1, 'وزارت معادن و پطرولیم', 1, '2021-02-25 15:24:23', '2021-02-25 15:24:23'),
(180, 15, 2, 'وزارت امور داخله', '1223', 1, 'وزارت امور داخله', 1, '2021-02-25 15:26:15', '2021-02-25 15:26:15'),
(182, 15, 2, 'وزارت دولت در امور پارلمانی', '1223', 1, 'وزارت دولت در امور پارلمانی', 1, '2021-02-25 15:36:04', '2021-02-25 15:36:04'),
(183, 15, 2, 'وزارت دولت در امور صلح', '1223', 1, 'وزارت دولت در امور صلح', 1, '2021-02-25 15:38:54', '2021-02-25 15:38:54'),
(185, 15, 2, 'ریاست عمومی شرکت آبرسانی و کانالیزاسیون شهری افغانستان', '1223', 1, 'ریاست عمومی شرکت آبرسانی و کانالیزاسیون شهری افغانستان', 1, '2021-02-25 15:44:37', '2021-02-25 15:44:37'),
(186, 15, 2, 'وزارت مخابرات و تکنالوژی معلوماتی', '1223', 1, 'وزارت مخابرات و تکنالوژی معلوماتی', 1, '2021-02-25 15:49:10', '2021-02-25 15:49:10'),
(187, 15, 2, 'وزارت شهر سازی و اراضی', '1223', 1, 'وزارت شهر سازی و اراضی', 1, '2021-02-25 15:53:32', '2021-02-25 15:53:32'),
(188, 15, 2, 'اداره ملی امتحانات', '1223', 1, 'اداره ملی امتحانات', 1, '2021-02-27 13:58:13', '2021-02-27 13:58:13'),
(189, 15, 2, 'لوی خارنوالی', '1223', 1, 'لوی خارنوالی', 1, '2021-02-27 14:01:10', '2021-02-27 14:01:10'),
(190, 15, 2, 'ریاست اکادمی علوم', '1223', 1, 'ریاست اکادمی علوم', 1, '2021-02-27 14:02:57', '2021-02-27 14:02:57'),
(191, 15, 2, 'کمیسیون مستقل اصلاحات اداری و خدمات ملکی', '1223', 1, 'کمیسیون مستقل اصلاحات اداری و خدمات ملکی', 1, '2021-02-27 14:07:09', '2021-02-27 14:07:09'),
(192, 15, 2, 'کمیسیون شکایات انتخاباتی', '1223', 1, 'کمیسیون شکایات انتخاباتی', 1, '2021-02-27 14:12:33', '2021-02-27 14:12:33'),
(193, 15, 2, 'کمیسیون مستقل انتخابات', '1223', 1, 'کمیسیون مستقل انتخابات', 1, '2021-02-27 14:19:23', '2021-02-27 14:19:23'),
(194, 15, 2, 'نوی کابل بانک', '1223', 1, 'نوی کابل بانک', 1, '2021-02-27 14:23:17', '2021-02-27 14:23:17'),
(195, 15, 2, 'مشرانو جرگه', '1223', 1, 'مشرانو جرگه', 1, '2021-02-27 14:31:48', '2021-02-27 14:31:48'),
(196, 15, 2, 'ولسی جرگه', '1223', 1, 'ولسی جرگه', 1, '2021-02-27 14:47:29', '2021-02-27 14:47:29'),
(197, 15, 2, 'دافغانستان برشنا شرکت', '1223', 1, 'دافغانستان برشنا شرکت', 1, '2021-02-27 14:53:50', '2021-02-27 14:53:50'),
(198, 15, 2, 'اداره ملی نورم و استندرد', '1223', 1, 'اداره ملی نورم و استندرد', 1, '2021-02-27 14:56:52', '2021-02-27 14:56:52'),
(199, 15, 2, 'شورای عالی مصالحه ملی', '1223', 1, 'شورای عالی مصالحه ملی', 1, '2021-02-27 15:00:50', '2021-02-27 15:00:50'),
(200, 15, 2, 'وزارت عودت کننده گان و مهاجرین', '1223', 1, 'وزارت عودت کننده گان و مهاجرین', 1, '2021-02-27 15:04:27', '2021-02-27 15:04:27'),
(201, 15, 2, 'ستره محکمه', '1223', 1, 'ستره محکمه', 1, '2021-02-27 15:06:18', '2021-02-27 15:06:18'),
(202, 15, 2, 'اداره انسجام امور کوچیها', '1223', 1, 'اداره انسجام امور کوچیها', 1, '2021-02-27 15:08:58', '2021-02-27 15:08:58'),
(203, 15, 2, 'کمیته ملی المپیک افغانستان', '1223', 1, 'کمیته ملی المپیک افغانستان', 1, '2021-02-27 15:11:17', '2021-02-27 15:11:17'),
(204, 15, 2, 'ریاست تصدی مسافربری ملی بس', '1223', 1, 'ریاست تصدی مسافربری ملی بس', 1, '2021-02-27 15:16:06', '2021-02-27 15:16:06'),
(205, 15, 2, 'ریاست تصدی مسافربری ملی بس', '1223', 1, 'ریاست تصدی مسافربری ملی بس', 1, '2021-02-27 15:16:49', '2021-02-27 15:16:49'),
(206, 15, 2, 'ریاست تصدی مسافربری ملی بس', '1223', 1, 'ریاست تصدی مسافربری ملی بس', 1, '2021-02-27 15:17:12', '2021-02-27 15:17:12'),
(207, 15, 2, 'ریاست تصدی مسافربری ملی بس', '1223', 1, 'ریاست تصدی مسافربری ملی بس', 1, '2021-02-27 15:17:34', '2021-02-27 15:17:34'),
(208, 15, 2, 'اداره انکشاف زون پایتخت', '1223', 1, 'اداره انکشاف زون پایتخت', 1, '2021-02-27 15:20:49', '2021-02-27 15:20:49'),
(209, 15, 2, 'ریاست شاروالی کابل', '1223', 1, 'ریاست شاروالی کابل', 1, '2021-02-27 15:22:39', '2021-02-27 15:22:39'),
(210, 15, 2, 'اداره ملی احصائیه و معلومات', '1223', 1, 'اداره ملی احصائیه و معلومات', 1, '2021-03-01 13:02:18', '2021-03-01 13:02:18'),
(212, 15, 9, 'حاجی نظام', '34232', 1, 'سرای تیل کمپنی کابل', 0, '2021-03-02 16:25:23', '2021-03-02 16:25:23'),
(213, 15, 2, 'تهیه و تدارک 7 قلم روغنیات', '1', 1, 'تهیه و تدارک 7 قلم روغنیات', 0, '2021-03-02 16:35:50', '2021-03-02 16:35:50'),
(214, 15, 2, 'تهیه و تدارک دو نوع تیل', '2', 1, 'تهیه و تدارک دو نوع تیل', 0, '2021-03-06 17:09:42', '2021-03-06 17:09:42'),
(216, 3, 2, 'اداره تنظیم خدمات مخابراتی افغانستان (اترا)', '1223', 1, 'اداره تنظیم خدمات مخابراتی افغانستان (اترا)', 1, '2021-03-08 14:53:06', '2021-03-08 14:53:06'),
(217, 3, 2, 'اداره ملی حفاظت محیط زیست', '1223', 1, 'اداره ملی حفاظت محیط زیست', 1, '2021-03-08 15:19:38', '2021-03-08 15:19:38'),
(218, 3, 2, 'تهیه و تدارک دو قلم تیل مور ضرورت ۴ ماه ۱۴۰۰', '7', 1, 'تهیه و تدارک دو قلم تیل مور ضرورت ۴ ماه ۱۴۰۰', 0, '2021-03-08 16:22:50', '2021-03-08 16:22:50'),
(219, 3, 2, 'تهیه و تدارک ۹ قلم روغنیات', '8', 1, 'تهیه و تدارک ۹ قلم روغنیات', 0, '2021-03-13 15:12:44', '2021-03-13 15:12:44'),
(220, 3, 2, 'ykabul fuel supl', '13', 1, 'ykabul fuel supl', 0, '2021-03-13 15:25:34', '2021-03-13 15:25:34'),
(221, 3, 2, '۹ قلم روغنیات', '16', 1, '۹ قلم روغنیات', 0, '2021-03-13 16:11:49', '2021-03-13 16:11:49'),
(222, 3, 9, 'بشرمل', '34232', 1, 'سرای تیل', 0, '2021-03-13 16:18:42', '2021-03-13 16:18:42'),
(223, 3, 9, 'عزیز', '34232', 1, 'سرای تیل', 0, '2021-03-13 16:19:07', '2021-03-13 16:19:07'),
(224, 3, 9, 'حاجی طیب', '34232', 1, 'سرای تیل کمپنی', 0, '2021-03-13 16:19:41', '2021-03-13 16:19:41'),
(225, 3, 9, 'آصف پسر زوار', '34232', 1, 'قلعه حیدر خان', 0, '2021-03-13 16:21:11', '2021-03-13 16:21:11'),
(226, 3, 9, 'حاجی کمال', '34232', 1, 'سرای تیل', 0, '2021-03-13 16:21:33', '2021-03-13 16:21:33'),
(227, 3, 9, 'رامین', '34232', 1, 'قوایی مرکز', 0, '2021-03-13 16:55:22', '2021-03-13 16:55:22');

-- --------------------------------------------------------

--
-- Table structure for table `account_types`
--

CREATE TABLE `account_types` (
  `id` bigint(20) UNSIGNED NOT NULL,
  `title` varchar(191) NOT NULL,
  `type_id` int(11) DEFAULT NULL,
  `system` tinyint(1) NOT NULL,
  `created_at` timestamp NULL DEFAULT NULL,
  `updated_at` timestamp NULL DEFAULT NULL
) ENGINE=InnoDB DEFAULT CHARSET=utf8;

--
-- Dumping data for table `account_types`
--

INSERT INTO `account_types` (`id`, `title`, `type_id`, `system`, `created_at`, `updated_at`) VALUES
(2, 'قرار داد ها (contracts)', 4, 0, '2020-12-26 07:14:07', '2020-12-30 02:59:05'),
(4, 'دارایی ها (Assets)', NULL, 0, '2020-12-30 01:41:37', '2020-12-30 01:41:37'),
(5, 'بدیهی ها (Liabilities)', NULL, 0, '2020-12-30 01:46:01', '2020-12-30 01:46:01'),
(6, 'بدهی های جاری', 5, 0, '2020-12-30 01:49:25', '2020-12-30 01:49:25'),
(7, 'طلبکاران (Creditors)', 6, 0, '2020-12-30 01:54:11', '2020-12-30 01:54:11'),
(9, 'تأمین کنندگان ', 7, 0, '2020-12-30 01:56:55', '2020-12-30 01:56:55'),
(10, 'دارایی های جاری (Current Assets)', 4, 0, '2020-12-30 02:00:50', '2020-12-30 02:00:50'),
(11, 'پول نقد (Cash in Hand)', 10, 0, '2020-12-30 02:01:17', '2020-12-30 02:01:17'),
(12, 'حسابات بانکی', NULL, 0, '2020-12-30 04:30:36', '2021-01-07 06:08:14'),
(13, 'بدهکاران', 11, 0, '2020-12-30 04:31:49', '2020-12-30 04:31:49'),
(14, 'موجودی (Stock)', 11, 0, '2020-12-30 04:33:27', '2020-12-30 04:33:27'),
(15, 'هزینه ها (Expenses)', NULL, 0, '2020-12-30 04:34:44', '2020-12-30 04:34:44'),
(16, 'هزینه های اداری', 15, 0, '2020-12-30 04:35:37', '2020-12-30 04:35:37'),
(17, 'هزینه های غیر اداری', 15, 0, '2020-12-30 04:36:18', '2020-12-30 04:38:30'),
(18, 'سرمایه شرکت', NULL, 0, '2021-01-07 06:21:05', '2021-01-07 06:21:05'),
(19, 'cash in hand', NULL, 0, '2021-01-21 05:04:30', '2021-01-21 05:04:30'),
(20, 'cash in hand', 11, 0, '2021-01-21 05:04:37', '2021-01-21 05:04:37'),
(21, 'cash in hand', 11, 0, '2021-01-21 05:04:38', '2021-01-21 05:04:38'),
(22, 'cash in hand', 11, 0, '2021-01-21 05:04:38', '2021-01-21 05:04:38'),
(23, 'cash in hand', 11, 0, '2021-01-21 05:04:39', '2021-01-21 05:04:39'),
(24, 'cash in hand', 11, 0, '2021-01-21 05:04:39', '2021-01-21 05:04:39'),
(25, 'cash in hand', 11, 0, '2021-01-21 05:04:39', '2021-01-21 05:04:39'),
(26, 'cash in hand', 11, 0, '2021-01-21 05:04:39', '2021-01-21 05:04:39'),
(28, 'kk', NULL, 0, '2021-01-21 05:42:00', '2021-01-21 05:42:00'),
(29, 'kk', NULL, 0, '2021-01-21 05:42:01', '2021-01-21 05:42:01'),
(30, 'kk', NULL, 0, '2021-01-21 05:42:01', '2021-01-21 05:42:01'),
(31, 'kk', NULL, 0, '2021-01-21 05:42:01', '2021-01-21 05:42:01'),
(32, 'kk', NULL, 0, '2021-01-21 05:42:03', '2021-01-21 05:42:03'),
(33, 'kk', 4, 0, '2021-01-21 05:42:32', '2021-01-21 05:42:32'),
(35, 'k', NULL, 0, '2021-01-22 23:49:47', '2021-01-22 23:49:47'),
(36, 'k', NULL, 0, '2021-01-22 23:49:47', '2021-01-22 23:49:47'),
(37, 'k', NULL, 0, '2021-01-22 23:49:47', '2021-01-22 23:49:47'),
(39, 'k', NULL, 0, '2021-01-22 23:49:47', '2021-01-22 23:49:47'),
(40, 'k', NULL, 0, '2021-01-22 23:49:47', '2021-01-22 23:49:47'),
(41, 'k', NULL, 0, '2021-01-22 23:49:48', '2021-01-22 23:49:48'),
(42, 'k', NULL, 0, '2021-01-22 23:49:48', '2021-01-22 23:49:48'),
(43, 'k', NULL, 0, '2021-01-22 23:49:50', '2021-01-22 23:49:50');

-- --------------------------------------------------------

--
-- Table structure for table `archives`
--

CREATE TABLE `archives` (
  `id` bigint(20) UNSIGNED NOT NULL,
  `title` varchar(191) NOT NULL,
  `refcode` varchar(191) NOT NULL,
  `account_id` bigint(20) UNSIGNED NOT NULL,
  `note` varchar(191) DEFAULT NULL,
  `user_id` bigint(20) UNSIGNED NOT NULL,
  `type` varchar(191) NOT NULL,
  `created_at` timestamp NULL DEFAULT NULL,
  `updated_at` timestamp NULL DEFAULT NULL
) ENGINE=InnoDB DEFAULT CHARSET=utf8;

--
-- Dumping data for table `archives`
--

INSERT INTO `archives` (`id`, `title`, `refcode`, `account_id`, `note`, `user_id`, `type`, `created_at`, `updated_at`) VALUES
(1, 'فایل های وزارت اقتصاد', '۱', 146, 'این اسناد مربوط تیل میشود', 3, 'important', '2021-03-02 11:35:28', '2021-03-02 11:35:28');

-- --------------------------------------------------------

--
-- Table structure for table `archives_files`
--

CREATE TABLE `archives_files` (
  `id` bigint(20) UNSIGNED NOT NULL,
  `archive_id` bigint(20) UNSIGNED NOT NULL,
  `origname` varchar(191) NOT NULL,
  `path` varchar(191) NOT NULL,
  `newname` varchar(191) NOT NULL,
  `mime` varchar(191) NOT NULL,
  `caption` varchar(191) NOT NULL,
  `created_at` timestamp NULL DEFAULT NULL,
  `updated_at` timestamp NULL DEFAULT NULL
) ENGINE=InnoDB DEFAULT CHARSET=utf8;

--
-- Dumping data for table `archives_files`
--

INSERT INTO `archives_files` (`id`, `archive_id`, `origname`, `path`, `newname`, `mime`, `caption`, `created_at`, `updated_at`) VALUES
(1, 1, 'دافغانستان بانک.jpg', 'archive/146-وزارت اقتصاد/16146633230.jpg', '16146633230.jpg', 'image/jpeg', '', '2021-03-02 11:35:28', '2021-03-02 11:35:28');

-- --------------------------------------------------------

--
-- Table structure for table `clients`
--

CREATE TABLE `clients` (
  `id` bigint(20) UNSIGNED NOT NULL,
  `name` varchar(191) NOT NULL,
  `email` varchar(191) DEFAULT NULL,
  `phone` varchar(191) NOT NULL,
  `website` varchar(191) DEFAULT NULL,
  `address` varchar(191) NOT NULL,
  `logo` varchar(191) DEFAULT NULL,
  `account_id` bigint(20) UNSIGNED NOT NULL,
  `deleted_at` timestamp NULL DEFAULT NULL,
  `created_at` timestamp NULL DEFAULT NULL,
  `updated_at` timestamp NULL DEFAULT NULL
) ENGINE=InnoDB DEFAULT CHARSET=utf8;

--
-- Dumping data for table `clients`
--

INSERT INTO `clients` (`id`, `name`, `email`, `phone`, `website`, `address`, `logo`, `account_id`, `deleted_at`, `created_at`, `updated_at`) VALUES
(1, 'ریاست محافظت رئیس جمهور', 'info@aop.pps.gov.af', '0782858585', 'www.aop.gov.af', 'اداره امور ریاست جمهوری', '1614247243.png', 143, NULL, '2021-02-25 12:43:57', '2021-02-25 16:00:43'),
(2, 'وزارت معارف', 'info@moe.gov.af', '0729818989', 'www.moe.gov.af', 'چهار راهی ملک اضغر', '1614247315.jpeg', 144, NULL, '2021-02-25 12:51:07', '2021-02-25 16:01:55'),
(3, 'وزارت امور خارجه', 'info@mfa.gov.af', '0202101730', 'www.mfa.gov.af', 'شاه محمود خان وات', '1614247644.png', 145, NULL, '2021-02-25 12:54:49', '2021-02-25 16:07:24'),
(4, 'وزارت اقتصاد', 'info@moec.gov.af', '0202100428', 'www.moec.gov.af', 'جاده شاه محمود خان وات کابل', '1614247825.jpeg', 146, NULL, '2021-02-25 13:21:34', '2021-02-25 16:10:25'),
(7, 'وزارت شهدا و معلولین', 'info@mmd.gov.af', '0202311811', 'www.mmd.gov.af', 'ناحیه شانزده هم مکرویان کهنه', '1614250391.jpeg', 149, NULL, '2021-02-25 13:30:28', '2021-02-25 16:53:11'),
(8, 'وزارت اطلاعات و فرهنگ', 'info@moic.gov.af', '0202101301', 'www.moic.gov.af', 'پل باغ عمومی کابل', '1614578755.jpeg', 150, NULL, '2021-02-25 13:32:23', '2021-03-01 12:05:55'),
(9, 'وزارت امور زنان', 'info@mowa.gov.af', '0202946381', 'www.mowa.gov.af', 'شهر نو کابل', '1614578971.jpeg', 151, NULL, '2021-02-25 13:37:10', '2021-03-01 12:09:31'),
(10, 'اداره تنظیم امور آب', 'info@nwara.gov.af', '0202522472', 'www.nwara.gov.af', 'دارالامان ، کابل', '1614411893.png', 152, NULL, '2021-02-25 13:40:15', '2021-02-27 13:45:01'),
(11, 'وزارت احیاء و انکشاف دهات', 'info@mrrd.gov.af', '02021056859', 'www.mrrd.gov.af', 'دارالامان کابل', '1614579014.jpeg', 153, NULL, '2021-02-25 13:48:11', '2021-03-01 12:10:14'),
(12, 'وزارت سرحدات اقوام و قبایل', 'info@mobta.gov.af', '0202311711', 'www.mobta.gov.af', 'چهار راهی مقاومت کابل', '1614579338.png', 154, NULL, '2021-02-25 13:56:53', '2021-03-01 12:15:39'),
(13, 'اداره امور ریاست جمهوری', 'info@aop.gov.af', '0202147551', 'www.aop.gov.af', 'ریاست جمهوری کابل', '1614579552.png', 155, NULL, '2021-02-25 14:02:15', '2021-03-01 12:19:15'),
(14, 'اداره تعلیمات تخنیکی و مسلکی', 'info@tveta.gov.af', '0729819260', 'www.tveta.gov.af', 'سرای غزنی کابل', '1614414014.png', 156, NULL, '2021-02-25 14:09:24', '2021-02-27 14:20:14'),
(15, 'ریاست امنیت ملی', 'info@prev.ocs.gov.af', '02020000000', 'www.ocs.gov.af', 'سرک میدان هوایی کابل', '1614579656.jpeg', 157, NULL, '2021-02-25 14:35:11', '2021-03-01 12:20:56'),
(16, 'وزارت تحصیلات عالی', 'info@mohe.gov.af', '0202500325', 'www.mohe.gov.af', 'کارته چهار کابل افغانستان', '1614579740.jpeg', 158, NULL, '2021-02-25 14:38:13', '2021-03-01 12:22:21'),
(17, 'وزارت ترانسپورت و هوا نوردی', 'info@mot.gov.af', '0202311957', 'www.mot.gov.af', 'شش درک کابل', NULL, 159, NULL, '2021-02-25 14:41:21', '2021-02-25 14:41:21'),
(18, 'اداره عالی تفتیش', 'info@sao.gov.af', '0202521534', 'www.sao.gov.af', 'دارالامان کابل', NULL, 160, NULL, '2021-02-25 14:43:05', '2021-02-25 14:43:05'),
(19, 'وزارت ارشاد و حج و اوقاف', 'info@mohia.gov.af', '0202214251', 'www.mohia.gov.af', 'شهر نو کابل افغانستان', NULL, 161, NULL, '2021-02-25 14:44:49', '2021-02-25 14:44:49'),
(20, 'دافغانستان بانک', 'info@dab.af', '0202104146', 'www.dab.af', 'چهار راهی فواره آب کابل', NULL, 162, NULL, '2021-02-25 14:46:32', '2021-02-25 14:46:32'),
(21, 'وزارت دفاع ملی', 'info@mod.gov.af', '0202612096', 'www.mod.gov.af', 'پل محمود خان کابل', NULL, 163, NULL, '2021-02-25 14:50:42', '2021-02-25 14:50:42'),
(22, 'وزارت زراعت و آبیاری و مالداری', 'info@mail.gov.af', '0202922460', 'www.mail.gov.af', 'کارته سخی کابل', NULL, 164, NULL, '2021-02-25 14:58:06', '2021-02-25 14:58:06'),
(23, 'وزارت صحت عامه', 'info@moph.gov.af', '0202301374', 'www.moph.gov.af', 'چهار راهی مسعود کابل', NULL, 165, NULL, '2021-02-25 15:00:54', '2021-02-25 15:00:54'),
(32, 'وزارت صنایع و تجارت', 'info@moci.gov.af', '0202500357', 'www.moci.gov.af', 'سرک دارالامان کابل', NULL, 174, NULL, '2021-02-25 15:09:32', '2021-02-25 15:09:32'),
(33, 'وزارت عدلیه', 'info@moj.gov.af', '0780117080', 'www.moj.gov.af', 'دارالامان کابل', NULL, 175, NULL, '2021-02-25 15:12:09', '2021-02-25 15:12:09'),
(34, 'وزارت فواید عامه', 'info@mopw.gov.af', '0202320932', 'www.mopw.gov.af', 'سرکت کابل جلال آباد ، کابل', NULL, 176, NULL, '2021-02-25 15:14:09', '2021-02-25 15:14:09'),
(35, 'وزارت مالیه', 'info@mof.gov.af', '0202924290', 'www.mof.gov.af', 'مرادخانی کابل', NULL, 177, NULL, '2021-02-25 15:15:59', '2021-02-25 15:15:59'),
(36, 'وزارت مبارزه با حوادث', 'info@andma.gov.af', '0202104926', 'www.andma.gov.af', 'شهر نو برج شهرارا کابل', NULL, 178, NULL, '2021-02-25 15:21:25', '2021-02-25 15:21:25'),
(37, 'وزارت معادن و پطرولیم', 'info@momp.gov.af', '0202104372', 'www.momp.gov.af', '0202104372', NULL, 179, NULL, '2021-02-25 15:24:23', '2021-02-25 15:24:23'),
(38, 'وزارت امور داخله', 'info@moi.gov.af', '0202201758', 'www.moi.gov.af', 'سرک چهل متره میدان هوایی کابل', '1614246079.png', 180, NULL, '2021-02-25 15:26:15', '2021-02-25 15:41:19'),
(40, 'وزارت دولت در امور پارلمانی', 'info@smpa.gov.af', '0202104792', 'www.smpa.gov.af', 'سرک وزارت خارجه کابل', NULL, 182, NULL, '2021-02-25 15:36:04', '2021-02-25 15:36:04'),
(41, 'وزارت دولت در امور صلح', 'info@smp.gov.af', '0202142622', 'www.smp.gov.af', 'ُسرک وزارت امور خارجه', '1614245934.png', 183, NULL, '2021-02-25 15:38:54', '2021-02-25 15:38:54'),
(43, 'ریاست عمومی شرکت آبرسانی و کانالیزاسیون شهری افغانستان', 'info@auwssc.gov.af', '0799111154', 'www.auwssc.gov.af', 'سر تپه کارته نو کابل', '1614246277.png', 185, NULL, '2021-02-25 15:44:37', '2021-02-25 15:44:37'),
(44, 'وزارت مخابرات و تکنالوژی معلوماتی', 'info@mcit.gov.af', '0202104224', 'www.mcit.gov.af', 'پل باغ عمومی کابل', '1614246550.jpeg', 186, NULL, '2021-02-25 15:49:10', '2021-02-25 15:49:10'),
(45, 'وزارت شهر سازی و اراضی', 'info@mudl.gov.af', '0202300712', 'www.mudl.gov.af', 'مکرویان سوم کابل', '1614246812.png', 187, NULL, '2021-02-25 15:53:32', '2021-02-25 15:53:32'),
(46, 'اداره ملی امتحانات', 'info@nexa.gov.af', '0748408421', 'www.nexa.gov.af', 'افشار سیلو کابل', '1614412693.png', 188, NULL, '2021-02-27 13:58:13', '2021-02-27 13:58:13'),
(47, 'لوی خارنوالی', 'info@ago.gov.af', '0202201512', 'www.ago.gov.af', 'دارالامان کابل', '1614412870.png', 189, NULL, '2021-02-27 14:01:13', '2021-02-27 14:01:13'),
(48, 'ریاست اکادمی علوم', 'info@asa.gov.af', '0202201279', 'www.asa.gov.af', 'شهر نو کابل', '1614412977.png', 190, NULL, '2021-02-27 14:02:57', '2021-02-27 14:02:57'),
(49, 'کمیسیون مستقل اصلاحات اداری و خدمات ملکی', 'info@iarcsc.gov.af', '0795414260', 'www.iarcsc.gov.af', 'سرک سناتوریم دارالامان کابل', '1614413229.png', 191, NULL, '2021-02-27 14:07:09', '2021-02-27 14:07:09'),
(50, 'کمیسیون شکایات انتخاباتی', 'info@iecc.gov.af', '0752212133', 'www.iecc.gov.af', 'َشیر پور کابل افغانستان', '1614413553.png', 192, NULL, '2021-02-27 14:12:34', '2021-02-27 14:12:34'),
(51, 'کمیسیون مستقل انتخابات', 'info@iec.org.af', '0790692159', 'www.iec.org.af', 'سرک کابل جلال آباد', '1614413963.jpeg', 193, NULL, '2021-02-27 14:19:23', '2021-02-27 14:19:23'),
(52, 'نوی کابل بانک', 'info@newkabulbank.af', '0202222666', 'www.newkabulbank.af', 'شهر نو کابل', '1614414197.png', 194, NULL, '2021-02-27 14:23:17', '2021-02-27 14:23:17'),
(53, 'مشرانو جرگه', 'info@meshran.website', '07908965900', 'www.meshran.website', 'سرک دارالامان کابل', '1614414708.jpeg', 195, NULL, '2021-02-27 14:31:48', '2021-02-27 14:31:48'),
(54, 'ولسی جرگه', 'info@wj.parliament.af', '0744444340', 'www.wj.parliament.af', 'سرک دارالامان کابل', '1614415649.png', 196, NULL, '2021-02-27 14:47:29', '2021-02-27 14:47:29'),
(55, 'دافغانستان برشنا شرکت', 'info@main.dabs.af', '0729002436', 'www.main.dabs.af', 'دهنمزنگ کابل', '1614416030.png', 197, NULL, '2021-02-27 14:53:50', '2021-02-27 14:53:50'),
(56, 'اداره ملی نورم و استندرد', 'info@ansa.gov.af', '0202321048', 'www.ansa.gov.af', 'سرک کابل جلال آباد ، کابل', '1614416212.png', 198, NULL, '2021-02-27 14:56:52', '2021-02-27 14:56:52'),
(57, 'شورای عالی مصالحه ملی', 'info@hcnr.af', '0202106804', 'www.hcnr.af', 'قصر سپیدار کابل', '1614416450.jpeg', 199, NULL, '2021-02-27 15:00:50', '2021-02-27 15:00:50'),
(58, 'وزارت عودت کننده گان و مهاجرین', 'inf@morr.gov.af', '0202951389', 'www.morr.gov.af', 'واصل آباد کابل', '1614416667.jpeg', 200, NULL, '2021-02-27 15:04:27', '2021-02-27 15:04:27'),
(59, 'ستره محکمه', 'info@supremecourt.gov.af', '0202302263', 'www.supremecourt.gov.af', 'چهار راهی مسعود کابل', '1614416778.png', 201, NULL, '2021-02-27 15:06:18', '2021-02-27 15:06:18'),
(60, 'اداره انسجام امور کوچیها', 'info@igdk.gov.af', '0202300642', 'www.igdk.gov.af', 'چهار راهی مسعود کابل', '1614416938.png', 202, NULL, '2021-02-27 15:08:59', '2021-02-27 15:08:59'),
(61, 'کمیته ملی المپیک افغانستان', 'info@olympic.af', '0707102020', 'www.olympic.af', 'چمن حضوری کابل', '1614417077.jpeg', 203, NULL, '2021-02-27 15:11:17', '2021-02-27 15:11:17'),
(65, 'ریاست تصدی مسافربری ملی بس', 'info@mot.af', '0202311934', 'www.mot.af', 'مکرویان اول کابل', '1614417454.jpeg', 207, NULL, '2021-02-27 15:17:34', '2021-02-27 15:17:34'),
(66, 'اداره انکشاف زون پایتخت', 'info@crida.gov.af', '0744449301', 'www.crida.gov.af', 'شهر نو چهار راهی حاجی یعقوب کابل', '1614417649.png', 208, NULL, '2021-02-27 15:20:49', '2021-02-27 15:20:49'),
(67, 'ریاست شاروالی کابل', 'info@km.gov.af', '0202101358', 'www.km.gov.af', 'چهار راهی ملک اضغر کابل', '1614417759.png', 209, NULL, '2021-02-27 15:22:39', '2021-02-27 15:22:39'),
(68, 'اداره ملی احصائیه و معلومات', 'info@nsia.gov.af', '0202504823', 'www.nsia.gov.af', 'چهلستون کابل', '1614582138.jpeg', 210, NULL, '2021-03-01 13:02:19', '2021-03-01 13:02:19'),
(69, 'اداره تنظیم خدمات مخابراتی افغانستان (اترا)', 'f.rahmati@atra.gov.af', '0202108463', 'atra.gov.af', 'Moh. Jan Khan Watt 10th floor MoCIT Building, Kabul, Afghanistan.', '1615193586.png', 216, NULL, '2021-03-08 14:53:06', '2021-03-08 14:53:06'),
(70, 'اداره ملی حفاظت محیط زیست', 'info@nepa.gov.af', '0۷۹۹-۴۰۶۴۹۷', 'nepa.gov.af', 'ناحیه ششم سرک دارالامان، کوچۀ سناتوریم، کابل', '1615195178.png', 217, NULL, '2021-03-08 15:19:38', '2021-03-08 15:19:38');

-- --------------------------------------------------------

--
-- Table structure for table `companies`
--

CREATE TABLE `companies` (
  `id` int(11) NOT NULL,
  `label` varchar(100) NOT NULL,
  `sign` varchar(50) NOT NULL
) ENGINE=InnoDB DEFAULT CHARSET=utf8;

--
-- Dumping data for table `companies`
--

INSERT INTO `companies` (`id`, `label`, `sign`) VALUES
(1, 'شایق علیمی', 'SHA'),
(2, 'ورنا بهفر', 'WB');

-- --------------------------------------------------------

--
-- Table structure for table `currencies`
--

CREATE TABLE `currencies` (
  `id` bigint(20) UNSIGNED NOT NULL,
  `sign_en` varchar(191) NOT NULL,
  `sign_fa` varchar(191) NOT NULL,
  `created_at` timestamp NULL DEFAULT NULL,
  `updated_at` timestamp NULL DEFAULT NULL
) ENGINE=InnoDB DEFAULT CHARSET=utf8;

--
-- Dumping data for table `currencies`
--

INSERT INTO `currencies` (`id`, `sign_en`, `sign_fa`, `created_at`, `updated_at`) VALUES
(1, 'AFN', 'افغانی', NULL, NULL),
(2, 'USD', 'دالر', '2020-12-30 19:30:00', '2020-12-30 19:30:00');

-- --------------------------------------------------------

--
-- Table structure for table `exchange_rates`
--

CREATE TABLE `exchange_rates` (
  `id` bigint(20) UNSIGNED NOT NULL,
  `counter` int(11) NOT NULL,
  `currency_id` bigint(20) UNSIGNED NOT NULL,
  `rate` double(8,2) NOT NULL,
  `system_rate` decimal(20,10) NOT NULL DEFAULT '1.0000000000',
  `user_id` bigint(20) UNSIGNED NOT NULL,
  `created_at` timestamp NULL DEFAULT NULL,
  `updated_at` timestamp NULL DEFAULT NULL
) ENGINE=InnoDB DEFAULT CHARSET=utf8;

--
-- Dumping data for table `exchange_rates`
--

INSERT INTO `exchange_rates` (`id`, `counter`, `currency_id`, `rate`, `system_rate`, `user_id`, `created_at`, `updated_at`) VALUES
(1, 1, 1, 1.00, 0.0000000000, 4, '2020-12-30 19:30:00', '2020-12-30 19:30:00'),
(2, 1, 2, 76.00, 0.0000000000, 4, '2020-12-30 19:30:00', '2020-12-30 19:30:00'),
(3, 2, 1, 1.00, 0.0000000000, 4, '2021-01-21 05:04:15', '2021-01-21 05:04:15'),
(4, 2, 2, 77.00, 0.0129800000, 4, '2021-01-21 05:04:15', '2021-01-21 05:04:15'),
(5, 3, 1, 1.00, 1.0000000000, 3, '2021-01-27 08:20:40', '2021-01-27 08:20:40'),
(6, 3, 2, 77.54, 0.0128965695, 3, '2021-01-27 08:20:40', '2021-01-27 08:20:40'),
(7, 4, 1, 1.00, 1.0000000000, 3, '2021-03-13 13:26:05', '2021-03-13 13:26:05'),
(8, 4, 2, 77.40, 0.0129198966, 3, '2021-03-13 13:26:05', '2021-03-13 13:26:05');

-- --------------------------------------------------------

--
-- Table structure for table `expenses`
--

CREATE TABLE `expenses` (
  `id` bigint(20) UNSIGNED NOT NULL,
  `serial_no` int(11) NOT NULL,
  `currency_id` bigint(20) UNSIGNED NOT NULL,
  `datetime` datetime NOT NULL,
  `title` varchar(191) NOT NULL,
  `description` text CHARACTER SET utf8mb4 COLLATE utf8mb4_unicode_ci,
  `ammount` decimal(20,2) DEFAULT NULL,
  `user_id` bigint(20) UNSIGNED NOT NULL,
  `created_at` timestamp NULL DEFAULT NULL,
  `updated_at` timestamp NULL DEFAULT NULL
) ENGINE=InnoDB DEFAULT CHARSET=utf8;

-- --------------------------------------------------------

--
-- Table structure for table `failed_jobs`
--

CREATE TABLE `failed_jobs` (
  `id` bigint(20) UNSIGNED NOT NULL,
  `uuid` varchar(255) NOT NULL,
  `connection` text NOT NULL,
  `queue` text NOT NULL,
  `payload` longtext NOT NULL,
  `exception` longtext NOT NULL,
  `failed_at` timestamp NOT NULL DEFAULT CURRENT_TIMESTAMP
) ENGINE=InnoDB DEFAULT CHARSET=utf8;

-- --------------------------------------------------------

--
-- Table structure for table `financial_records`
--

CREATE TABLE `financial_records` (
  `id` bigint(20) UNSIGNED NOT NULL,
  `type` varchar(191) NOT NULL,
  `type_id` int(11) NOT NULL,
  `account_id` bigint(20) UNSIGNED NOT NULL,
  `description` text CHARACTER SET utf8mb4 COLLATE utf8mb4_unicode_ci,
  `currency_id` bigint(20) UNSIGNED NOT NULL,
  `credit` decimal(18,2) DEFAULT '0.00',
  `debit` decimal(18,2) DEFAULT '0.00',
  `ex_rate_id` bigint(20) UNSIGNED NOT NULL,
  `status` varchar(191) NOT NULL,
  `valid` tinyint(1) NOT NULL DEFAULT '0',
  `created_at` timestamp NULL DEFAULT NULL,
  `updated_at` timestamp NULL DEFAULT NULL
) ENGINE=InnoDB DEFAULT CHARSET=utf8;

--
-- Dumping data for table `financial_records`
--

INSERT INTO `financial_records` (`id`, `type`, `type_id`, `account_id`, `description`, `currency_id`, `credit`, `debit`, `ex_rate_id`, `status`, `valid`, `created_at`, `updated_at`) VALUES
(2, 'TRA', 1, 143, 'فروش تیل', 1, 0.00, 12000.00, 5, 'EXP', 0, '2021-03-01 13:23:46', '2021-03-01 13:23:46'),
(5, 'purchase', 1, 212, NULL, 2, 780732.00, 0.00, 2, 'INC', 0, '2021-03-02 16:31:49', '2021-03-02 16:31:49'),
(6, 'purchase', 1, 17, NULL, 2, 0.00, 780732.00, 2, 'EXP', 0, '2021-03-02 16:31:49', '2021-03-02 16:31:49'),
(7, 'project', 1, 213, 'Dynamically Created For Project.1', 1, 0.00, 0.00, 6, 'opn', 0, '2021-03-02 16:35:50', '2021-03-02 16:35:50'),
(10, 'project', 2, 214, 'Dynamically Created For Project.2', 1, 23500000.00, 0.00, 6, 'opn', 0, '2021-03-06 17:09:42', '2021-03-06 17:09:42'),
(20, 'project', 7, 218, 'Dynamically Created For Project.7', 1, 13576000.00, 0.00, 6, 'opn', 0, '2021-03-08 16:22:50', '2021-03-08 16:22:50'),
(23, 'project', 8, 219, 'Dynamically Created For Project.8', 1, 20327500.00, 0.00, 7, 'opn', 0, '2021-03-13 15:12:44', '2021-03-13 15:12:44'),
(24, 'project', 13, 220, 'Dynamically Created For Project.13', 1, 222.00, 0.00, 7, 'opn', 0, '2021-03-13 15:25:34', '2021-03-13 15:25:34'),
(25, 'project', 16, 221, 'Dynamically Created For Project.16', 1, 20327500.00, 0.00, 7, 'opn', 0, '2021-03-13 16:11:49', '2021-03-25 15:07:17'),
(34, 'purchase', 3, 227, 'خریداری از رامین صورت گرفته پول بعد ا به دالر داده شده است.', 1, 1815250.00, 0.00, 1, 'INC', 0, '2021-03-13 17:11:52', '2021-03-13 17:11:52'),
(35, 'purchase', 3, 22, 'خریداری از رامین صورت گرفته پول بعد ا به دالر داده شده است.', 1, 0.00, 1815250.00, 1, 'EXP', 0, '2021-03-13 17:11:52', '2021-03-13 17:11:52'),
(38, 'purchase', 2, 223, 'خریدار از عزیزتیل دیزل', 2, 0.00, 0.00, 2, 'INC', 0, '2021-03-13 17:12:45', '2021-03-13 17:12:45'),
(39, 'purchase', 2, 17, 'خریدار از عزیزتیل دیزل', 2, 0.00, 0.00, 2, 'EXP', 0, '2021-03-13 17:12:45', '2021-03-13 17:12:45'),
(40, 'sale', 5, 221, 'عملیه مالی ثبت شده برای - 5', 1, 0.00, 6927500.00, 7, 'OPN', 0, '2021-03-13 17:23:45', '2021-03-13 17:23:45'),
(41, 'sale', 5, 22, 'عملیه مالی ثبت شده برای - 5', 1, 6927500.00, 0.00, 7, 'INC', 0, '2021-03-13 17:23:45', '2021-03-13 17:23:45');

-- --------------------------------------------------------

--
-- Table structure for table `fuel_despensers`
--

CREATE TABLE `fuel_despensers` (
  `id` bigint(20) UNSIGNED NOT NULL,
  `station_id` bigint(20) UNSIGNED NOT NULL,
  `name` varchar(191) NOT NULL,
  `created_at` timestamp NULL DEFAULT NULL,
  `updated_at` timestamp NULL DEFAULT NULL
) ENGINE=InnoDB DEFAULT CHARSET=utf8;

-- --------------------------------------------------------

--
-- Table structure for table `fuel_desp_strs`
--

CREATE TABLE `fuel_desp_strs` (
  `id` bigint(20) UNSIGNED NOT NULL,
  `storage_id` bigint(20) UNSIGNED NOT NULL,
  `despencer_id` bigint(20) UNSIGNED NOT NULL,
  `created_at` timestamp NULL DEFAULT NULL,
  `updated_at` timestamp NULL DEFAULT NULL
) ENGINE=InnoDB DEFAULT CHARSET=utf8;

-- --------------------------------------------------------

--
-- Table structure for table `fuel_stations`
--

CREATE TABLE `fuel_stations` (
  `id` bigint(20) UNSIGNED NOT NULL,
  `name` varchar(191) NOT NULL,
  `address` varchar(191) NOT NULL,
  `manager` varchar(191) NOT NULL,
  `phone` varchar(191) NOT NULL,
  `created_at` timestamp NULL DEFAULT NULL,
  `updated_at` timestamp NULL DEFAULT NULL
) ENGINE=InnoDB DEFAULT CHARSET=utf8;

--
-- Dumping data for table `fuel_stations`
--

INSERT INTO `fuel_stations` (`id`, `name`, `address`, `manager`, `phone`, `created_at`, `updated_at`) VALUES
(1, 'تانک تیل یاران', '0799818818', 'مشتاق علیمی', 'پل محمودخان، مقابل استدیوم فوتبال، کابل - افغانستان', '2021-03-13 11:49:48', '2021-03-13 11:49:48'),
(2, 'رامین', '۰۷۰۰۰۰۰۰۰۰', 'مدیر رازق', 'قوای مرکز', '2021-03-13 17:02:47', '2021-03-13 17:02:47');

-- --------------------------------------------------------

--
-- Table structure for table `fuel_station_storages`
--

CREATE TABLE `fuel_station_storages` (
  `id` bigint(20) UNSIGNED NOT NULL,
  `station_id` bigint(20) UNSIGNED NOT NULL,
  `name` varchar(191) NOT NULL,
  `supervisor` varchar(191) NOT NULL,
  `capacity` int(20) DEFAULT NULL,
  `oum_id` bigint(20) UNSIGNED NOT NULL,
  `created_at` timestamp NULL DEFAULT NULL,
  `updated_at` timestamp NULL DEFAULT NULL
) ENGINE=InnoDB DEFAULT CHARSET=utf8;

--
-- Dumping data for table `fuel_station_storages`
--

INSERT INTO `fuel_station_storages` (`id`, `station_id`, `name`, `supervisor`, `capacity`, `oum_id`, `created_at`, `updated_at`) VALUES
(1, 1, 'ذخیره دیزل (۰۱)', 'نام مسئول', 135000, 1, '2021-03-13 11:52:50', '2021-03-13 11:52:50'),
(2, 1, 'ذخیره دیزل (۰۲)', 'نام مسئول', 34000, 1, '2021-03-13 11:53:50', '2021-03-13 11:53:50'),
(3, 1, 'ذخیره پطرول (۰۳)', 'نام مسئول', 25000, 1, '2021-03-13 11:54:24', '2021-03-13 11:54:24'),
(4, 1, 'ذخیره پطرول (۰۴)', 'نام مسئول', 10000, 1, '2021-03-13 11:54:58', '2021-03-13 11:54:58');

-- --------------------------------------------------------

--
-- Table structure for table `inventories`
--

CREATE TABLE `inventories` (
  `id` bigint(20) UNSIGNED NOT NULL,
  `name` varchar(191) NOT NULL,
  `address` varchar(191) NOT NULL,
  `manager` varchar(191) NOT NULL,
  `phone` varchar(191) NOT NULL,
  `description` text CHARACTER SET utf8mb4 COLLATE utf8mb4_unicode_ci,
  `created_at` timestamp NULL DEFAULT NULL,
  `updated_at` timestamp NULL DEFAULT NULL
) ENGINE=InnoDB DEFAULT CHARSET=utf8;

--
-- Dumping data for table `inventories`
--

INSERT INTO `inventories` (`id`, `name`, `address`, `manager`, `phone`, `description`, `created_at`, `updated_at`) VALUES
(1, 'گدام قصبه', 'قصبه،‌ کابل - افغانستان', 'نام مسئول', '0799818818', NULL, '2021-03-13 11:56:40', '2021-03-13 11:56:40');

-- --------------------------------------------------------

--
-- Table structure for table `items`
--

CREATE TABLE `items` (
  `id` bigint(20) UNSIGNED NOT NULL,
  `type_id` bigint(20) UNSIGNED NOT NULL,
  `name` varchar(191) NOT NULL,
  `uom_id` bigint(20) UNSIGNED NOT NULL,
  `uom_equiv_id` bigint(20) UNSIGNED NOT NULL,
  `equivalent` bigint(20) NOT NULL,
  `description` text CHARACTER SET utf8mb4 COLLATE utf8mb4_unicode_ci,
  `created_at` timestamp NULL DEFAULT NULL,
  `updated_at` timestamp NULL DEFAULT NULL
) ENGINE=InnoDB DEFAULT CHARSET=utf8;

--
-- Dumping data for table `items`
--

INSERT INTO `items` (`id`, `type_id`, `name`, `uom_id`, `uom_equiv_id`, `equivalent`, `description`, `created_at`, `updated_at`) VALUES
(3, 23, 'پطرول A-95', 3, 1, 0, NULL, '2021-03-02 16:26:43', '2021-03-02 16:26:43'),
(4, 23, 'پطرول A-92', 3, 1, 0, NULL, '2021-03-02 16:27:00', '2021-03-02 16:27:00'),
(5, 24, 'دیزل L02-62', 3, 1, 0, NULL, '2021-03-02 16:27:25', '2021-03-02 16:27:25'),
(6, 24, 'دیزل L01-62', 3, 1, 0, NULL, '2021-03-02 16:27:45', '2021-03-02 16:27:45'),
(7, 24, 'دیزل L02-65', 3, 1, 0, NULL, '2021-03-02 16:28:27', '2021-03-02 16:28:27'),
(8, 16, 'تابستانی', 1, 1, 1, '20x50', '2021-03-13 15:02:52', '2021-03-13 15:02:52'),
(9, 16, 'زمستانی', 1, 1, 1, '15x40', '2021-03-13 15:03:31', '2021-03-13 15:03:31'),
(10, 18, 'طبق نمونه', 1, 1, 1, NULL, '2021-03-13 15:04:56', '2021-03-13 15:04:56'),
(11, 17, 'طبق نمونه', 1, 1, 1, NULL, '2021-03-13 15:05:52', '2021-03-13 15:05:52'),
(12, 20, 'طبق نمونه', 1, 1, 1, NULL, '2021-03-13 15:06:27', '2021-03-13 15:06:27'),
(13, 19, 'طبق نمونه', 4, 33, 1, '500gr', '2021-03-13 15:08:09', '2021-03-13 15:08:09'),
(14, 21, 'طبق نمونه', 1, 1, 1, 'یک لیتره', '2021-03-13 15:10:15', '2021-03-13 15:10:15');

-- --------------------------------------------------------

--
-- Table structure for table `item_types`
--

CREATE TABLE `item_types` (
  `id` bigint(20) UNSIGNED NOT NULL,
  `type` varchar(191) NOT NULL,
  `created_at` timestamp NULL DEFAULT NULL,
  `updated_at` timestamp NULL DEFAULT NULL
) ENGINE=InnoDB DEFAULT CHARSET=utf8;

--
-- Dumping data for table `item_types`
--

INSERT INTO `item_types` (`id`, `type`, `created_at`, `updated_at`) VALUES
(14, 'گاز مایع', '2021-02-27 16:18:12', '2021-02-27 16:18:12'),
(16, 'مبلائیل', '2021-02-27 16:18:40', '2021-03-13 14:59:37'),
(17, 'سیائیل', '2021-02-27 16:18:50', '2021-02-27 16:18:50'),
(18, 'هایدرولیک', '2021-02-27 16:18:57', '2021-02-27 16:18:57'),
(19, 'گریس', '2021-02-27 16:19:05', '2021-02-27 16:19:05'),
(20, 'ویکم', '2021-02-27 16:19:12', '2021-02-27 16:19:12'),
(21, 'انتی فریز', '2021-02-27 16:19:20', '2021-02-27 16:19:20'),
(22, 'تیزاب', '2021-02-27 16:19:27', '2021-02-27 16:19:27'),
(23, 'تیل پطرول', '2021-03-02 11:29:33', '2021-03-02 11:29:33'),
(24, 'تیل دیزل', '2021-03-02 11:29:48', '2021-03-02 11:29:48');

-- --------------------------------------------------------

--
-- Table structure for table `measurment_units`
--

CREATE TABLE `measurment_units` (
  `id` bigint(20) UNSIGNED NOT NULL,
  `title` varchar(191) NOT NULL,
  `acronym` varchar(191) NOT NULL,
  `created_at` timestamp NULL DEFAULT NULL,
  `updated_at` timestamp NULL DEFAULT NULL
) ENGINE=InnoDB DEFAULT CHARSET=utf8;

--
-- Dumping data for table `measurment_units`
--

INSERT INTO `measurment_units` (`id`, `title`, `acronym`, `created_at`, `updated_at`) VALUES
(1, 'لیتر', 'لیتر', '2020-12-24 05:33:33', '2020-12-24 05:33:33'),
(3, 'تن', 'تن', '2020-12-24 06:40:40', '2020-12-24 06:40:40'),
(4, 'کیلو', 'کیلو', '2020-12-24 06:40:54', '2020-12-24 06:40:54'),
(31, 'کارتن', 'کارتن', '2021-01-23 00:40:02', '2021-01-23 00:40:02'),
(33, 'قطعی', 'قطعی', '2021-02-27 16:20:43', '2021-02-27 16:20:43'),
(34, 'بشکه', 'بشکه', '2021-02-27 16:21:28', '2021-02-27 16:21:28');

-- --------------------------------------------------------

--
-- Table structure for table `migrations`
--

CREATE TABLE `migrations` (
  `id` int(10) UNSIGNED NOT NULL,
  `migration` varchar(255) NOT NULL,
  `batch` int(11) NOT NULL
) ENGINE=InnoDB DEFAULT CHARSET=utf8;

--
-- Dumping data for table `migrations`
--

INSERT INTO `migrations` (`id`, `migration`, `batch`) VALUES
(1, '2014_10_12_000000_create_users_table', 1),
(2, '2014_10_12_100000_create_password_resets_table', 1),
(3, '2019_08_19_000000_create_failed_jobs_table', 1),
(4, '2016_06_01_000001_create_oauth_auth_codes_table', 2),
(5, '2016_06_01_000002_create_oauth_access_tokens_table', 2),
(6, '2016_06_01_000003_create_oauth_refresh_tokens_table', 2),
(7, '2016_06_01_000004_create_oauth_clients_table', 2),
(8, '2016_06_01_000005_create_oauth_personal_access_clients_table', 2),
(9, '2020_10_28_052336_departments', 3),
(10, '2020_10_28_052828_create_departments_table', 4),
(11, '2020_11_01_111630_create_users_table', 5),
(12, '2020_11_02_062552_create_priviliges_table', 6),
(13, '2020_11_03_092430_create_priviliges_table', 7),
(14, '2020_11_05_050925_create_notifications_table', 8),
(15, '2020_11_05_052033_create_usernotifications_table', 8),
(16, '2020_11_05_054232_create_accounts_table', 8),
(17, '2020_11_05_060705_create_archives_table', 8),
(18, '2020_11_05_062149_create_archivefiles_table', 8),
(19, '2020_11_04_041857_create_businesscategorys_table', 9),
(20, '2020_11_05_110651_create_clients_table', 9),
(21, '2020_11_04_045919_create_businesscategories_table', 10),
(22, '2020_11_08_050234_create_clients_table', 11),
(23, '2020_11_20_065641_create_organizations_table', 12),
(24, '2020_11_21_063909_create_announcements_table', 12),
(25, '2020_11_25_060228_create_projects_table', 12),
(26, '2020_12_19_073232_currency', 13),
(27, '2020_12_19_073523_create_currencies_table', 13),
(28, '2020_12_20_060831_create_users_table', 14),
(29, '2020_13_19_104434_create_user_assignments_table', 14),
(30, '2020_11_25_060227_create_proposals_table', 15),
(31, '2020_12_19_104502_create_notifications_table', 15),
(32, '2020_12_19_104503_create_user_notifications_table', 15),
(33, '2020_12_19_104607_create_accounts_table', 15),
(34, '2020_12_19_104608_create_clients_table', 15),
(35, '2020_11_24_060227_create_proposals_table', 16),
(36, '2020_11_26_060228_create_projects_table', 16),
(37, '2020_11_25_062444_create_currencies_table', 17),
(38, '2020_12_19_104648_create_pro_data_table', 17),
(39, '2020_12_19_104713_create_measurment_units_table', 17),
(40, '2020_12_19_104724_create_item_types_table', 17),
(41, '2020_12_19_104725_create_items_table', 17),
(42, '2020_12_19_100130_create_exchange_rates_table', 18),
(43, '2020_12_19_104758_create_operations_table', 18),
(44, '2020_12_19_104759_create_pro_items_table', 18),
(45, '2020_12_19_104822_create_financial_records_table', 18),
(46, '2020_12_19_104852_create_stock_records_table', 18),
(47, '2020_12_21_062539_create_vendors_table', 18),
(48, '2020_12_21_062541_create_purchases_table', 18),
(49, '2020_12_21_062851_create_inventories_table', 18),
(50, '2020_12_21_062925_create_fuel_stations_table', 18),
(51, '2020_12_21_062959_create_fuel_despensers_table', 18),
(52, '2020_12_21_063110_create_transfers_table', 18),
(53, '2020_12_21_063142_create_storages_table', 18),
(54, '2020_12_21_063222_create_fuel_station_storages_table', 18),
(55, '2020_12_21_063256_create_fuel_desp_strs_table', 18),
(56, '2020_12_30_094718_create_archives_table', 19),
(57, '2020_12_30_094845_create_archives_files_table', 19),
(58, '2020_12_30_095043_create_transactions_table', 19),
(59, '2020_12_30_095134_create_expenses_table', 19),
(60, '2020_12_30_104742_create_sales_table', 19),
(61, '2020_12_30_105700_create_sales_twos_table', 20),
(62, '2020_12_30_105733_create_sales_threes_table', 20),
(63, '2020_12_30_105802_create_fours_threes_table', 20),
(64, '2020_12_30_120657_create_sales_ones_table', 20),
(65, '2021_02_03_094607_create_permission_tables', 21);

-- --------------------------------------------------------

--
-- Table structure for table `model_has_permissions`
--

CREATE TABLE `model_has_permissions` (
  `permission_id` bigint(20) UNSIGNED NOT NULL,
  `model_type` varchar(191) NOT NULL,
  `model_id` bigint(20) UNSIGNED NOT NULL
) ENGINE=InnoDB DEFAULT CHARSET=utf8;

--
-- Dumping data for table `model_has_permissions`
--

INSERT INTO `model_has_permissions` (`permission_id`, `model_type`, `model_id`) VALUES
(1, 'App\\Models\\User', 3),
(2, 'App\\Models\\User', 3),
(3, 'App\\Models\\User', 3),
(4, 'App\\Models\\User', 3),
(5, 'App\\Models\\User', 3),
(6, 'App\\Models\\User', 3),
(7, 'App\\Models\\User', 3),
(8, 'App\\Models\\User', 3),
(9, 'App\\Models\\User', 3),
(10, 'App\\Models\\User', 3),
(11, 'App\\Models\\User', 3),
(12, 'App\\Models\\User', 3),
(13, 'App\\Models\\User', 3),
(14, 'App\\Models\\User', 3),
(15, 'App\\Models\\User', 3),
(16, 'App\\Models\\User', 3),
(17, 'App\\Models\\User', 3),
(18, 'App\\Models\\User', 3),
(19, 'App\\Models\\User', 3),
(1, 'App\\Models\\User', 4),
(2, 'App\\Models\\User', 4),
(3, 'App\\Models\\User', 4),
(4, 'App\\Models\\User', 4),
(5, 'App\\Models\\User', 4),
(6, 'App\\Models\\User', 4),
(7, 'App\\Models\\User', 4),
(8, 'App\\Models\\User', 4),
(9, 'App\\Models\\User', 4),
(10, 'App\\Models\\User', 4),
(11, 'App\\Models\\User', 4),
(12, 'App\\Models\\User', 4),
(13, 'App\\Models\\User', 4),
(14, 'App\\Models\\User', 4),
(15, 'App\\Models\\User', 4),
(16, 'App\\Models\\User', 4),
(17, 'App\\Models\\User', 4),
(18, 'App\\Models\\User', 4),
(19, 'App\\Models\\User', 4),
(1, 'App\\Models\\User', 6),
(17, 'App\\Models\\User', 6),
(19, 'App\\Models\\User', 6),
(1, 'App\\Models\\User', 7),
(2, 'App\\Models\\User', 7),
(3, 'App\\Models\\User', 7),
(4, 'App\\Models\\User', 7),
(5, 'App\\Models\\User', 7),
(6, 'App\\Models\\User', 7),
(7, 'App\\Models\\User', 7),
(8, 'App\\Models\\User', 7),
(9, 'App\\Models\\User', 7),
(10, 'App\\Models\\User', 7),
(11, 'App\\Models\\User', 7),
(12, 'App\\Models\\User', 7),
(13, 'App\\Models\\User', 7),
(14, 'App\\Models\\User', 7),
(15, 'App\\Models\\User', 7),
(16, 'App\\Models\\User', 7),
(17, 'App\\Models\\User', 7),
(18, 'App\\Models\\User', 7),
(19, 'App\\Models\\User', 7),
(1, 'App\\Models\\User', 10),
(2, 'App\\Models\\User', 10),
(3, 'App\\Models\\User', 10),
(4, 'App\\Models\\User', 10),
(5, 'App\\Models\\User', 10),
(6, 'App\\Models\\User', 10),
(7, 'App\\Models\\User', 10),
(8, 'App\\Models\\User', 10),
(9, 'App\\Models\\User', 10),
(10, 'App\\Models\\User', 10),
(11, 'App\\Models\\User', 10),
(12, 'App\\Models\\User', 10),
(13, 'App\\Models\\User', 10),
(14, 'App\\Models\\User', 10),
(15, 'App\\Models\\User', 10),
(16, 'App\\Models\\User', 10),
(17, 'App\\Models\\User', 10),
(18, 'App\\Models\\User', 10),
(19, 'App\\Models\\User', 10),
(1, 'App\\Models\\User', 11),
(2, 'App\\Models\\User', 11),
(3, 'App\\Models\\User', 11),
(4, 'App\\Models\\User', 11),
(5, 'App\\Models\\User', 11),
(6, 'App\\Models\\User', 11),
(7, 'App\\Models\\User', 11),
(8, 'App\\Models\\User', 11),
(9, 'App\\Models\\User', 11),
(10, 'App\\Models\\User', 11),
(11, 'App\\Models\\User', 11),
(12, 'App\\Models\\User', 11),
(13, 'App\\Models\\User', 11),
(14, 'App\\Models\\User', 11),
(15, 'App\\Models\\User', 11),
(16, 'App\\Models\\User', 11),
(17, 'App\\Models\\User', 11),
(18, 'App\\Models\\User', 11),
(19, 'App\\Models\\User', 11),
(1, 'App\\Models\\User', 12),
(2, 'App\\Models\\User', 12),
(3, 'App\\Models\\User', 12),
(4, 'App\\Models\\User', 12),
(5, 'App\\Models\\User', 12),
(6, 'App\\Models\\User', 12),
(7, 'App\\Models\\User', 12),
(8, 'App\\Models\\User', 12),
(9, 'App\\Models\\User', 12),
(10, 'App\\Models\\User', 12),
(11, 'App\\Models\\User', 12),
(12, 'App\\Models\\User', 12),
(13, 'App\\Models\\User', 12),
(14, 'App\\Models\\User', 12),
(15, 'App\\Models\\User', 12),
(16, 'App\\Models\\User', 12),
(17, 'App\\Models\\User', 12),
(18, 'App\\Models\\User', 12),
(19, 'App\\Models\\User', 12),
(6, 'App\\Models\\User', 13),
(17, 'App\\Models\\User', 14);

-- --------------------------------------------------------

--
-- Table structure for table `model_has_roles`
--

CREATE TABLE `model_has_roles` (
  `role_id` bigint(20) UNSIGNED NOT NULL,
  `model_type` varchar(191) NOT NULL,
  `model_id` bigint(20) UNSIGNED NOT NULL
) ENGINE=InnoDB DEFAULT CHARSET=utf8;

-- --------------------------------------------------------

--
-- Table structure for table `notifications`
--

CREATE TABLE `notifications` (
  `id` bigint(20) UNSIGNED NOT NULL,
  `title` varchar(191) NOT NULL,
  `text` text NOT NULL,
  `type` varchar(100) NOT NULL,
  `gen_date` datetime NOT NULL,
  `exp_date` datetime NOT NULL,
  `action` varchar(191) NOT NULL,
  `url` varchar(191) NOT NULL,
  `user_id` bigint(20) UNSIGNED DEFAULT NULL,
  `notif_source_id` int(5) DEFAULT NULL,
  `notif_source` varchar(20) DEFAULT NULL,
  `notif_number` int(5) DEFAULT NULL,
  `created_at` timestamp NULL DEFAULT NULL,
  `updated_at` timestamp NULL DEFAULT NULL
) ENGINE=InnoDB DEFAULT CHARSET=utf8;

--
-- Dumping data for table `notifications`
--

INSERT INTO `notifications` (`id`, `title`, `text`, `type`, `gen_date`, `exp_date`, `action`, `url`, `user_id`, `notif_source_id`, `notif_source`, `notif_number`, `created_at`, `updated_at`) VALUES
(1, 'تنظیم نرخ اسعار', 'نرخ اسعار برای امروز 2021-02-25 بروز رسانی نشده است.', 'rem-a', '2021-02-25 10:59:49', '2021-02-25 23:59:59', 'btn-link', '/settings', 3, 0, 'currency', 1, '2021-02-25 16:59:49', '2021-02-25 16:59:49'),
(2, 'تنظیم نرخ اسعار', 'نرخ اسعار برای امروز 2021-02-27 بروز رسانی نشده است.', 'rem-a', '2021-02-27 12:13:08', '2021-02-27 23:59:59', 'btn-link', '/settings', 3, 0, 'currency', 1, '2021-02-27 18:13:08', '2021-02-27 18:13:08'),
(3, 'تنظیم نرخ اسعار', 'نرخ اسعار برای امروز 2021-02-28 بروز رسانی نشده است.', 'rem-a', '2021-02-28 09:57:50', '2021-02-28 23:59:59', 'btn-link', '/settings', 15, 0, 'currency', 1, '2021-02-28 15:57:50', '2021-02-28 15:57:50'),
(4, 'قرارداد جدید (101 - SHA)', 'قرارداد جدید (تهیه و تدارک 7 قلم روغنیات) در سیستم ثبت گردید.', 'suc-b', '2021-03-02 10:35:50', '2021-03-02 23:59:59', 'btn-link', '/projects/project/1', 15, 1, 'project', 10, '2021-03-02 16:35:50', '2021-03-02 16:35:50'),
(5, 'قرارداد جدید (101 - SHA)', 'قرارداد جدید (تهیه و تدارک 7 قلم روغنیات) آمادهء طی مراحل میباشد.', 'suc-a', '2021-03-02 10:35:51', '2021-03-02 23:59:59', 'btn-modal', '/modal/step/1', 15, 1, 'project', 11, '2021-03-02 16:35:51', '2021-03-02 16:35:51'),
(6, 'فروشات جدید', 'یک فروش جدید از تیل پطرول برای ریاست محافظت رئیس جمهور در سیستم ثبت گردید.', 'normal', '2021-03-02 10:38:12', '2021-03-02 23:59:59', 'view', 'sales?list', 15, NULL, NULL, NULL, '2021-03-02 16:38:12', '2021-03-02 16:38:12'),
(7, 'قرارداد جدید (102 - SHA)', 'قرارداد جدید (تهیه و تدارک دو نوع تیل) در سیستم ثبت گردید.', 'suc-b', '2021-03-06 11:09:42', '2021-03-06 23:59:59', 'btn-link', '/projects/project/2', 15, 2, 'project', 10, '2021-03-06 17:09:42', '2021-03-06 17:09:42'),
(8, 'قرارداد جدید (102 - SHA)', 'قرارداد جدید (تهیه و تدارک دو نوع تیل) آمادهء طی مراحل میباشد.', 'suc-a', '2021-03-06 11:09:42', '2021-03-06 23:59:59', 'btn-modal', '/modal/step/1', 15, 2, 'project', 11, '2021-03-06 17:09:42', '2021-03-06 17:09:42'),
(9, 'فروشات جدید', 'یک فروش جدید از تیل پطرول برای وزارت مالیه در سیستم ثبت گردید.', 'normal', '2021-03-06 11:22:40', '2021-03-06 23:59:59', 'view', 'sales?list', 15, NULL, NULL, NULL, '2021-03-06 17:22:40', '2021-03-06 17:22:40'),
(10, 'آفر جدید(101 - WB)', 'اعلان (تهیه دو نوع تیل و ۲۴ قلم روغنیات مورد نیاز اداره تنظیم خدمات مخابراتی افغانستان (اترا)) آمادهء طی مراحل است.', 'suc-b', '2021-03-08 09:09:30', '2021-03-08 23:59:59', 'btn-modal', '/model/step2', 3, 3, 'offer', 2, '2021-03-08 15:09:30', '2021-03-08 15:09:30'),
(11, 'درخواست شرطنامه (101 - WB)', 'آیا شرطنامهء اعلان (تهیه دو نوع تیل و ۲۴ قلم روغنیات مورد نیاز اداره تنظیم خدمات مخابراتی افغانستان (اترا))به دسترس قرار گرفت?', 'con-a', '2021-03-08 09:11:40', '2021-03-08 23:59:59', 'btn-modal', '/modal-yes-no', 3, 3, 'offer', 3, '2021-03-08 15:11:40', '2021-03-08 15:11:40'),
(12, 'آفر جدید(102 - WB)', 'اعلان (تدارک ۳ نوع تیل اداره ملی حفظ محیط زیست) آمادهء طی مراحل است.', 'suc-b', '2021-03-08 09:32:13', '2021-03-08 23:59:59', 'btn-modal', '/model/step2', 3, 6, 'offer', 2, '2021-03-08 15:32:13', '2021-03-08 15:32:13'),
(13, 'قرارداد جدید (103 - SHA)', 'قرارداد جدید (تهیه و تدارک دو قلم تیل مور ضرورت ۴ ماه ۱۴۰۰) در سیستم ثبت گردید.', 'suc-b', '2021-03-08 10:22:50', '2021-03-08 23:59:59', 'btn-link', '/projects/project/7', 3, 7, 'project', 10, '2021-03-08 16:22:50', '2021-03-08 16:22:50'),
(14, 'قرارداد جدید (103 - SHA)', 'قرارداد جدید (تهیه و تدارک دو قلم تیل مور ضرورت ۴ ماه ۱۴۰۰) آمادهء طی مراحل میباشد.', 'suc-a', '2021-03-08 10:22:50', '2021-03-08 23:59:59', 'btn-modal', '/modal/step/1', 3, 7, 'project', 11, '2021-03-08 16:22:50', '2021-03-08 16:22:50'),
(15, 'تنظیم نرخ اسعار', 'نرخ اسعار برای امروز 2021-03-10 بروز رسانی نشده است.', 'rem-a', '2021-03-10 12:06:21', '2021-03-10 23:59:59', 'btn-link', '/settings', 3, 0, 'currency', 1, '2021-03-10 18:06:21', '2021-03-10 18:06:21'),
(16, 'تنظیم نرخ اسعار', 'نرخ اسعار برای امروز 2021-03-13 بروز رسانی نشده است.', 'rem-a', '2021-03-13 06:34:44', '2021-03-13 23:59:59', 'btn-link', '/settings', 3, 0, 'currency', 1, '2021-03-13 12:34:44', '2021-03-13 12:34:44'),
(17, 'آفر جدید(103 - WB)', 'اعلان (دو نوع تیل دیزل و ‍‍پطرول) آمادهء طی مراحل است.', 'suc-b', '2021-03-13 07:43:09', '2021-03-13 23:59:59', 'btn-modal', '/model/step2', 3, 7, 'offer', 2, '2021-03-13 13:43:09', '2021-03-13 13:43:09'),
(18, 'آفر جدید(104 - WB)', 'اعلان (تهیه و تدارک سه نوع تیل) آمادهء طی مراحل است.', 'suc-b', '2021-03-13 07:53:32', '2021-03-13 23:59:59', 'btn-modal', '/model/step2', 3, 8, 'offer', 2, '2021-03-13 13:53:32', '2021-03-13 13:53:32'),
(19, 'درخواست شرطنامه (104 - WB)', 'آیا شرطنامهء اعلان (تهیه و تدارک سه نوع تیل)به دسترس قرار گرفت?', 'con-a', '2021-03-13 08:27:55', '2021-03-13 23:59:59', 'btn-modal', '/modal-yes-no', 3, 8, 'offer', 3, '2021-03-13 14:27:55', '2021-03-13 14:27:55'),
(20, 'تسلیمی آفر (104 - WB)', 'اعلان (تهیه و تدارک سه نوع تیل)آمادهء تسلیم دهی آفر میباشد.', 'nor-a', '2021-03-13 08:38:44', '2021-03-13 23:59:59', 'btn-modal', '/modal-step-4', 3, 8, 'offer', 4, '2021-03-13 14:38:44', '2021-03-13 14:38:44'),
(21, 'قرارداد جدید (104 - SHA)', 'قرارداد جدید (تهیه و تدارک ۹ قلم روغنیات) در سیستم ثبت گردید.', 'suc-b', '2021-03-13 09:12:44', '2021-03-13 23:59:59', 'btn-link', '/projects/project/8', 3, 8, 'project', 10, '2021-03-13 15:12:44', '2021-03-13 15:12:44'),
(22, 'قرارداد جدید (104 - SHA)', 'قرارداد جدید (تهیه و تدارک ۹ قلم روغنیات) آمادهء طی مراحل میباشد.', 'suc-a', '2021-03-13 09:12:44', '2021-03-13 23:59:59', 'btn-modal', '/modal/step/1', 3, 8, 'project', 11, '2021-03-13 15:12:44', '2021-03-13 15:12:44'),
(23, 'اکمالات قرارداد (104 - SHA)', 'قرارداد جدید (تهیه و تدارک ۹ قلم روغنیات) آمادهء آغاز مرحله اکمالات میباشد.', 'nor-a', '2021-03-13 09:20:36', '2021-03-13 23:59:59', 'btn-modal', '/modal/step/2', 3, 8, 'project', 12, '2021-03-13 15:20:36', '2021-03-13 15:20:36'),
(24, 'قرارداد جدید (105 - SHA)', 'قرارداد جدید (ykabul fuel supl) در سیستم ثبت گردید.', 'suc-b', '2021-03-13 09:25:34', '2021-03-13 23:59:59', 'btn-link', '/projects/project/13', 3, 13, 'project', 10, '2021-03-13 15:25:34', '2021-03-13 15:25:34'),
(25, 'قرارداد جدید (105 - SHA)', 'قرارداد جدید (ykabul fuel supl) آمادهء طی مراحل میباشد.', 'suc-a', '2021-03-13 09:25:34', '2021-03-13 23:59:59', 'btn-modal', '/modal/step/1', 3, 13, 'project', 11, '2021-03-13 15:25:34', '2021-03-13 15:25:34'),
(26, 'آفر جدید(101 - SHA)', 'اعلان (۹ قلم روغنیات) آمادهء طی مراحل است.', 'suc-b', '2021-03-13 09:54:26', '2021-03-13 23:59:59', 'btn-modal', '/model/step2', 3, 9, 'offer', 2, '2021-03-13 15:54:26', '2021-03-13 15:54:26'),
(27, 'قرارداد جدید (106 - SHA)', 'قرارداد جدید (۹ قلم روغنیات) در سیستم ثبت گردید.', 'suc-b', '2021-03-13 10:11:49', '2021-03-13 23:59:59', 'btn-link', '/projects/project/16', 3, 16, 'project', 10, '2021-03-13 16:11:49', '2021-03-13 16:11:49'),
(28, 'قرارداد جدید (106 - SHA)', 'قرارداد جدید (۹ قلم روغنیات) آمادهء طی مراحل میباشد.', 'suc-a', '2021-03-13 10:11:50', '2021-03-13 23:59:59', 'btn-modal', '/modal/step/1', 3, 16, 'project', 11, '2021-03-13 16:11:50', '2021-03-13 16:11:50'),
(29, 'فروشات جدید', 'یک فروش جدید از گدام قصبه برای ریاست محافظت رئیس جمهور در سیستم ثبت گردید.', 'normal', '2021-03-13 11:23:45', '2021-03-13 23:59:59', 'view', 'sales?list', 3, NULL, NULL, NULL, '2021-03-13 17:23:45', '2021-03-13 17:23:45'),
(30, 'تنظیم نرخ اسعار', 'نرخ اسعار برای امروز 2021-03-23 بروز رسانی نشده است.', 'rem-a', '2021-03-23 11:11:53', '2021-03-23 23:59:59', 'btn-link', '/settings', 3, 0, 'currency', 1, '2021-03-23 16:11:53', '2021-03-23 16:11:53'),
(31, 'درخواست شرطنامه (101 - SHA)', 'آیا شرطنامهء اعلان (۹ قلم روغنیات)به دسترس قرار گرفت?', 'con-a', '2021-03-25 09:37:18', '2021-03-25 23:59:59', 'btn-modal', '/modal-yes-no', 3, 9, 'offer', 3, '2021-03-25 14:37:18', '2021-03-25 14:37:18');

-- --------------------------------------------------------

--
-- Table structure for table `oauth_access_tokens`
--

CREATE TABLE `oauth_access_tokens` (
  `id` varchar(100) NOT NULL,
  `user_id` bigint(20) UNSIGNED DEFAULT NULL,
  `client_id` bigint(20) UNSIGNED NOT NULL,
  `name` varchar(255) DEFAULT NULL,
  `scopes` text,
  `revoked` tinyint(1) NOT NULL,
  `created_at` timestamp NULL DEFAULT NULL,
  `updated_at` timestamp NULL DEFAULT NULL,
  `expires_at` datetime DEFAULT NULL
) ENGINE=InnoDB DEFAULT CHARSET=utf8;

--
-- Dumping data for table `oauth_access_tokens`
--

INSERT INTO `oauth_access_tokens` (`id`, `user_id`, `client_id`, `name`, `scopes`, `revoked`, `created_at`, `updated_at`, `expires_at`) VALUES
('00381288df4b7700a149ea454ce5caec9f04c147c1ef1e2659564123b90ba30cd268741970bee300', 3, 2, NULL, '[\"*\"]', 0, '2021-03-03 17:49:39', '2021-03-03 17:49:39', '2022-03-03 11:49:39'),
('0356fd455d42df6c80a06db4da215c53c71f5976d0ba85c1a6cf0ef62329085bde2b488ad00b652b', 3, 2, NULL, '[\"*\"]', 0, '2021-03-13 12:41:41', '2021-03-13 12:41:41', '2022-03-13 06:41:41'),
('0aa975e68310eec77bec6fc34eef27f701439092914050f4b77a78f49f4ef06082d8f27c698a3e1f', 3, 2, NULL, '[\"*\"]', 0, '2021-01-04 07:05:19', '2021-01-04 07:05:19', '2022-01-04 11:35:19'),
('0ac734f02e00e96a4b1db5cf837630963bf4d7f3be57426c7e22ee3d0107f0adf60384e2d26092b2', 3, 2, NULL, '[\"*\"]', 0, '2021-01-04 06:29:23', '2021-01-04 06:29:23', '2022-01-04 10:59:23'),
('0fcf01b05c34dc02fae22a4b93f7f3e64eb5a1b5096ecb52be41d8c0c82c239fddd27c5455a0d163', 3, 2, NULL, '[\"*\"]', 0, '2021-02-27 11:02:20', '2021-02-27 11:02:20', '2022-02-27 05:02:20'),
('100fc9f99cf50fa8060503151b3916748c99cef21f66dc4a8bd5a43f502e67b5445a044d48a3a465', 3, 2, NULL, '[\"*\"]', 0, '2021-02-25 01:00:13', '2021-02-25 01:00:13', '2022-02-25 05:30:13'),
('118c0dce8f34827bc09eeeea2e0a859a45d3c0ada2a6e23cb9ccebc14b417cf0f3844cbe4421e849', 3, 2, NULL, '[\"*\"]', 0, '2021-02-25 00:53:38', '2021-02-25 00:53:38', '2022-02-25 05:23:38'),
('14292db3b8e00677819c0f6f5159c17ffabeeff5cbbd794c4c29e38fce72206e970a4140e1934009', 3, 2, NULL, '[\"*\"]', 0, '2020-12-29 03:03:06', '2020-12-29 03:03:06', '2021-12-29 07:33:06'),
('1432c2028a88394bf2d7fcb3b5367f4ce12e49b9447e3f6962d525f82210bcd00a47962362e383ca', 3, 2, NULL, '[\"*\"]', 0, '2021-01-27 03:50:00', '2021-01-27 03:50:00', '2022-01-27 09:20:00'),
('14d988006ce05af2607563b6e447a5985d3ab8527752f195d4dd4e59fe23daab6b1ed221bebec58f', 3, 2, NULL, '[\"*\"]', 0, '2020-12-29 02:28:21', '2020-12-29 02:28:21', '2021-12-29 06:58:21'),
('158ad18a671a977b24636e62a44762d7bb72d9494dd25858d95bb893ec9e37d39a031cd6dc7e4863', 3, 2, NULL, '[\"*\"]', 0, '2021-02-06 02:35:16', '2021-02-06 02:35:16', '2022-02-06 07:05:16'),
('1b1ef02277d55e2aa46f7c1260fde0ac0c668a810a490e91d545274d65cb5b288dffa65b578cde73', 3, 2, NULL, '[\"*\"]', 0, '2021-01-21 00:58:27', '2021-01-21 00:58:27', '2022-01-21 06:28:27'),
('1c6cbfeb0dd2b51a69aae25081216f5a7fb9a41f1b2971d3d130dbb6916c14548e6bb298f7824133', 3, 2, NULL, '[\"*\"]', 0, '2021-01-04 07:40:48', '2021-01-04 07:40:48', '2022-01-04 12:10:48'),
('1db78d69b7e286cf219e936153f663cf36acc24f803faa98e9d6edb2c0b23fcf341712927fb62c43', 3, 2, NULL, '[\"*\"]', 0, '2021-01-09 00:13:30', '2021-01-09 00:13:30', '2022-01-09 04:43:30'),
('1f9f3d935214370d0daf3942d1c0f6e0d3af1f5597a30e67252342a3efb9f1b12f881ec3f7852301', 3, 2, NULL, '[\"*\"]', 0, '2021-02-25 01:17:46', '2021-02-25 01:17:46', '2022-02-25 05:47:46'),
('227f2104c25de2d244fb2a564412958ca80330a5937801bcce2b6cbc80b9e5037c56d0388d29bf7a', 15, 2, NULL, '[\"*\"]', 0, '2021-03-10 18:00:58', '2021-03-10 18:00:58', '2022-03-10 12:00:58'),
('2287d555551d8256aef42020407b86f1676f28ce1987328bec7b9d68abf2dd09a1643e55b49bbf50', 3, 2, NULL, '[\"*\"]', 0, '2021-01-21 06:16:28', '2021-01-21 06:16:28', '2022-01-21 11:46:28'),
('24482df7f3db367a1797bf631507b3e13fe17b18e41287b80ba06663eff312f350cf40a990dfaec4', 3, 2, NULL, '[\"*\"]', 0, '2021-02-25 01:06:12', '2021-02-25 01:06:12', '2022-02-25 05:36:12'),
('27c6d3729492af1c8f897310bc6ce2b7e1012044ca51a4113c346d8681ab211cb2d2f1e67478e180', 3, 2, NULL, '[\"*\"]', 0, '2021-01-04 07:15:59', '2021-01-04 07:15:59', '2022-01-04 11:45:59'),
('2d14782df800197b893dcdf5d71da955b16fbba296481437323b2816d2d53fc82c8e491174d6f7d7', 15, 2, NULL, '[\"*\"]', 0, '2021-02-27 16:00:55', '2021-02-27 16:00:55', '2022-02-27 10:00:55'),
('2f182bf34fbc6b5e0bbc109d0318e7ea94c772a91dbf7d2ccc5e173937e5934d9f75bb05d2b33844', 3, 2, NULL, '[\"*\"]', 0, '2021-01-04 06:31:09', '2021-01-04 06:31:09', '2022-01-04 11:01:09'),
('2f7cf0e3926296aed80ebf8b8f63f3a7c92ec28ed3f4c9008c24f0fd8af21536ffaa82cfe046df8b', 3, 2, NULL, '[\"*\"]', 0, '2021-01-04 06:45:48', '2021-01-04 06:45:48', '2022-01-04 11:15:48'),
('2fa5d2431a76ee1b9e57f8456f90050c1d0a00a872fab834d9370c8d2e871cefee1ffb88aebd2ea7', 3, 2, NULL, '[\"*\"]', 0, '2021-01-09 01:00:08', '2021-01-09 01:00:08', '2022-01-09 05:30:08'),
('2fd7b26789a7733904a4cb204a97d0fca3a0ac1fda248a3829afba6507398597d0f2f808fa923b95', 3, 2, NULL, '[\"*\"]', 0, '2021-03-13 12:41:30', '2021-03-13 12:41:30', '2022-03-13 06:41:30'),
('2fde8b86fdf6b2bf40a6e68d233c3e3495dd826e5c55bfe1f07877d952992f93b86d2c3cfadb3a64', 3, 2, NULL, '[\"*\"]', 0, '2021-01-07 02:43:30', '2021-01-07 02:43:30', '2022-01-07 07:13:30'),
('2fe9a788612d80705dbb7c576b26997c31834045fed5959bbc5bfe3c205f1bfd8d31057106c24678', 3, 2, NULL, '[\"*\"]', 0, '2021-01-10 00:11:08', '2021-01-10 00:11:08', '2022-01-10 04:41:08'),
('31cb4ae3cefb16d4ff8dae31f6e8a20706d19cd5e1f28772e3f000e781626bc0fbc6c12ff9cbfb04', 3, 2, NULL, '[\"*\"]', 0, '2021-01-10 06:18:16', '2021-01-10 06:18:16', '2022-01-10 11:48:16'),
('392f5cdaef98a64a7abdbb720fc41e3f7c016000935c97b4b64e7ec05d620a0fdeecc2abf6f64300', 3, 2, NULL, '[\"*\"]', 0, '2021-03-13 12:34:18', '2021-03-13 12:34:18', '2022-03-13 06:34:18'),
('3cb24831bfc9611c4d089447c22f452ac208f15db15e749432b5faf46fd795858c793e7f266a3d9d', 3, 2, NULL, '[\"*\"]', 0, '2021-02-25 01:26:29', '2021-02-25 01:26:29', '2022-02-25 05:56:29'),
('3d7b74117b66b6dd48f0a03b0ecd4715f0d137bbf1ff40db3e05998ce6da5693e0d8303bcb5410b4', 3, 2, NULL, '[\"*\"]', 0, '2021-02-25 01:11:10', '2021-02-25 01:11:10', '2022-02-25 05:41:10'),
('3e13ac460cb4c42f5ab155ddd76ba8a086d046cb429a1f1a48ee5d3fb39f7b36154be44575c17254', 3, 2, NULL, '[\"*\"]', 0, '2020-12-29 23:32:18', '2020-12-29 23:32:18', '2021-12-30 04:02:18'),
('3f374b1997e767bca31993e6cf910f27d100278cd2c02459c0f41ecdd6a1b7b5b82ba139a484f153', 3, 2, NULL, '[\"*\"]', 0, '2021-02-27 15:58:52', '2021-02-27 15:58:52', '2022-02-27 09:58:52'),
('3fd239bf19ff710198aa11179e5095e70c9567277862dca28ac50e966b32c22a4c825a056246e816', 3, 2, NULL, '[\"*\"]', 0, '2021-02-25 01:09:51', '2021-02-25 01:09:51', '2022-02-25 05:39:51'),
('44e24d7df494ea4bc13fcc1617b9c82e5bef0d3cec1621fa18a261ba3760ac77ea539bfcd8fa8eb5', 15, 2, NULL, '[\"*\"]', 0, '2021-03-13 12:16:17', '2021-03-13 12:16:17', '2022-03-13 06:16:17'),
('465f94487c7c5190c4613be4aa8faff9e742212c24ce781d4c64ad0ee6840be650fa8a84fff86d9a', 3, 2, NULL, '[\"*\"]', 0, '2021-01-07 00:50:39', '2021-01-07 00:50:39', '2022-01-07 05:20:39'),
('47614b5e1a0ca3082eb427ef3cb490fa67d2285866e95cc238157a307a10a08145f5307a38e8248b', 3, 2, NULL, '[\"*\"]', 0, '2021-02-25 01:02:06', '2021-02-25 01:02:06', '2022-02-25 05:32:06'),
('4801d3bd7839b08bc31779626d9e014614caa1eb848d39fd55bfbfe1c285394e467a8fb91c948fc0', 15, 2, NULL, '[\"*\"]', 0, '2021-03-10 19:12:39', '2021-03-10 19:12:39', '2022-03-10 13:12:39'),
('4bd337cb0096f257d8adf45a073a120494a2cfe49d288b8807b021566ba2384971f9c28618cf802c', 3, 2, NULL, '[\"*\"]', 0, '2021-01-04 07:11:28', '2021-01-04 07:11:28', '2022-01-04 11:41:28'),
('4c821ada65c9d8f9acfba057257bca097a7ad008ec0650ae0037625fec05c92c5f39c09284dedc41', 3, 2, NULL, '[\"*\"]', 0, '2021-01-28 01:55:34', '2021-01-28 01:55:34', '2022-01-28 07:25:34'),
('4d2c2621bae7b2a16029257da811f08246af84a86b5aec032bcd4daf9640e4a9c22bff671d379215', 3, 2, NULL, '[\"*\"]', 0, '2020-12-30 23:56:47', '2020-12-30 23:56:47', '2021-12-31 04:26:47'),
('50772e735c2df6bc70d5e79af82ff5dcd217623962a094d889ab3b7408492ef3664af1cf59c67861', 3, 2, NULL, '[\"*\"]', 0, '2021-02-06 06:38:20', '2021-02-06 06:38:20', '2022-02-06 11:08:20'),
('5187b1a95a77466720c2c38453f7c2cb96c0cbcb1c94cc00bfac1de812102fd1a1929a9d05dedcc0', 3, 2, NULL, '[\"*\"]', 0, '2020-12-29 03:03:58', '2020-12-29 03:03:58', '2021-12-29 07:33:58'),
('54f43454c802c32a2a2fc1f015e40736aba7c9061e764c21d1dc7b2808d6026fc496757381f288db', 3, 2, NULL, '[\"*\"]', 0, '2021-01-10 06:16:57', '2021-01-10 06:16:57', '2022-01-10 11:46:57'),
('560fe434da4eba26e466ad3b11fccddc851676987755d3677d9188aad3c92c10abaf836873204042', 3, 2, NULL, '[\"*\"]', 0, '2020-12-29 03:04:42', '2020-12-29 03:04:42', '2021-12-29 07:34:42'),
('57331e357fedc43a00765b9a6b60b43db8fc6d9300ae8b02d4ac9f04ac6a418f437f94540bb3b0b0', 3, 2, NULL, '[\"*\"]', 0, '2021-01-07 06:50:03', '2021-01-07 06:50:03', '2022-01-07 11:20:03'),
('573e7cef746780179591bb86623804e56e7443f2b9be429691cc601f367238275591a9cbb82da62a', 3, 2, NULL, '[\"*\"]', 0, '2021-02-06 03:00:11', '2021-02-06 03:00:11', '2022-02-06 07:30:11'),
('58365118172d474d6fd853ee0cfcfa78a85cf33984cc62cf724cb813cdd9b4b031fe953ef6bce9c0', 3, 2, NULL, '[\"*\"]', 0, '2021-03-03 17:52:54', '2021-03-03 17:52:54', '2022-03-03 11:52:54'),
('589f5f2047b51078809fdee4c3c212ae3ea0b05ebf9fc54345fbf48b91c5cceab3467620910a619d', 3, 2, NULL, '[\"*\"]', 0, '2021-02-25 01:25:16', '2021-02-25 01:25:16', '2022-02-25 05:55:16'),
('598fe87e1773fde8d57555a31b6467dac135d8c8d453ed80bfdc3a69f56ad4c6a736998883121dc2', 3, 2, NULL, '[\"*\"]', 0, '2020-12-31 01:59:12', '2020-12-31 01:59:12', '2021-12-31 06:29:12'),
('5bda28cafbe214172275eded4c6e3b2435e0294f68d0402df69c0f11bf22e38f45048b22668c4ecb', 3, 2, NULL, '[\"*\"]', 0, '2021-01-04 07:21:37', '2021-01-04 07:21:37', '2022-01-04 11:51:37'),
('5bf3f5eb3b5753851afa6a520db9d6a670934793d608c35041ac7e0e13f93f9174c1b2291ca8031f', 3, 2, NULL, '[\"*\"]', 0, '2021-01-21 04:17:47', '2021-01-21 04:17:47', '2022-01-21 09:47:47'),
('5c6c8861a194b470f1ad5a1e5fa2bc30daca14db7124a1f2a5732232625d213a4698ab558ad50bb0', 3, 2, NULL, '[\"*\"]', 0, '2021-01-07 06:42:32', '2021-01-07 06:42:32', '2022-01-07 11:12:32'),
('5ec88cbef7193a06be3cc8ed2a811812f2b9c5a863efde8bab8d045203c4e64ca7048e1b9a84a32e', 3, 2, NULL, '[\"*\"]', 0, '2021-01-12 07:30:29', '2021-01-12 07:30:29', '2022-01-12 13:00:29'),
('5ecce7c893e3ee5f0a33257ba435be51ed576494416f992971d58adb8901b10c82ac2ca5539e9839', 3, 2, NULL, '[\"*\"]', 0, '2021-02-20 05:56:41', '2021-02-20 05:56:41', '2022-02-20 10:26:41'),
('5f744673b1ffa3897805d4c497b7473b9ff8e7444c618b4c2eeee27f5c083e797645405b10b0f5cb', 3, 2, NULL, '[\"*\"]', 0, '2021-01-09 00:58:41', '2021-01-09 00:58:41', '2022-01-09 05:28:41'),
('5f9a2db6a2784b0b5ddaec327037cb222edbad62ac2ce941a64b62e06620e486ee67a4398831bff7', 7, 2, NULL, '[\"*\"]', 0, '2020-12-29 06:53:45', '2020-12-29 06:53:45', '2021-12-29 11:23:45'),
('604ab4c5429ca8e90ef21bdfea55aa17dc7e1f9f2696b63be916276a0a5fe6521f98ef0291911666', 3, 2, NULL, '[\"*\"]', 0, '2021-03-23 16:08:43', '2021-03-23 16:08:43', '2022-03-23 11:08:43'),
('6130d273648fa05cd1444b12f59b1213a8e07433e1e5cd3e451a22922f54505ee39aa7220948eb56', 3, 2, NULL, '[\"*\"]', 0, '2021-03-08 14:31:39', '2021-03-08 14:31:39', '2022-03-08 08:31:39'),
('6386b926a737de854f17198488428badc62b852539a2467a19dc8b22968e0cfa458dd569e5e7a05d', 3, 2, NULL, '[\"*\"]', 0, '2021-01-08 23:59:44', '2021-01-08 23:59:44', '2022-01-09 04:29:44'),
('638c1a8f4b20e76f7f57c575e19b5846c5a319700c9dfdf047e54325217c12f8ddc027437291ae19', 3, 2, NULL, '[\"*\"]', 0, '2021-03-06 18:39:19', '2021-03-06 18:39:19', '2022-03-06 12:39:19'),
('6511df5c7ac7407c9ccd786b72246df5863b8bfc48703a5d721a8198372eeee86624c1d1712cdd04', 3, 2, NULL, '[\"*\"]', 0, '2021-01-25 23:47:52', '2021-01-25 23:47:52', '2022-01-26 05:17:52'),
('6bef62ca296911f7eec9937c25f6fe6c213aa6db4a0edd1f5c94944e1145ba3332f96454159fc261', 3, 2, NULL, '[\"*\"]', 0, '2021-01-03 04:54:19', '2021-01-03 04:54:19', '2022-01-03 09:24:19'),
('71ddc1f3add3ac13dc7a527060f22494b8163d4cd6f194c2aa1221a34e46439504578ae7ec832c46', 3, 2, NULL, '[\"*\"]', 0, '2021-02-06 00:03:14', '2021-02-06 00:03:14', '2022-02-06 05:33:14'),
('768044692623a5a167639130e6423fb2eed3125421bc9538b085941714d733d014d0b65b583cf060', 3, 2, NULL, '[\"*\"]', 0, '2021-01-04 06:52:11', '2021-01-04 06:52:11', '2022-01-04 11:22:11'),
('770e0aabe32fb615b54875a03436d5321c3eba5a170baf3c203a13a39456c44b326bd0a01dcf6369', 3, 2, NULL, '[\"*\"]', 0, '2021-02-25 01:27:02', '2021-02-25 01:27:02', '2022-02-25 05:57:02'),
('7b8337831903eab80371346236023cb437067d6ff29bbc103eaef3d4b53bb80b82f185c1a4bd818f', 3, 2, NULL, '[\"*\"]', 0, '2021-02-06 06:44:43', '2021-02-06 06:44:43', '2022-02-06 11:14:43'),
('7d318ee0d18fa40fb737e4c6ed55fad939611373552c1681524c0c7f98c5fcad763b31c57441a4b1', 3, 2, NULL, '[\"*\"]', 0, '2021-02-06 02:30:36', '2021-02-06 02:30:36', '2022-02-06 07:00:36'),
('7d99a6dbf3b6379e2b77e5fcf6de5c723121111c3ba8e54fcff90ad1d1d51a200712a66e5c2d3dcd', 3, 2, NULL, '[\"*\"]', 0, '2021-01-06 05:44:43', '2021-01-06 05:44:43', '2022-01-06 10:14:43'),
('86671de02661245180896fe756f9e1eeac99bdbe190024de5f3bd41377e1833fd87ea27ac4feedc0', 3, 2, NULL, '[\"*\"]', 0, '2021-02-27 14:13:50', '2021-02-27 14:13:50', '2022-02-27 08:13:50'),
('8920de56b01788d706413064100a103627d0ef70ea244165a37332469f307032820221ac10a44127', 3, 2, NULL, '[\"*\"]', 0, '2021-01-27 04:06:02', '2021-01-27 04:06:02', '2022-01-27 09:36:02'),
('8a22e6006e7de82a97cf61f1e354c3488e606f02ff673ba9b8fbbb71f6c4d2e240fdde726fa597de', 3, 2, NULL, '[\"*\"]', 0, '2021-01-02 00:54:09', '2021-01-02 00:54:09', '2022-01-02 05:24:09'),
('8b19ace74aefb8e158fe6a31c809269f92e13ec26781334ab8e0b84de7faadbffa120d955e8f6132', 3, 2, NULL, '[\"*\"]', 0, '2021-02-25 01:08:17', '2021-02-25 01:08:17', '2022-02-25 05:38:17'),
('8b5d46551b4dd245cfe3c1ea5cea19c8aff4cc4e31fa9992e487a989a47620f58bcd7099d8ce90a3', 3, 2, NULL, '[\"*\"]', 0, '2021-01-07 03:16:49', '2021-01-07 03:16:49', '2022-01-07 07:46:49'),
('8bf214d7f57131d79ca5f197b46ac12002447f4c583609c89502c070c5b07b16b508f023afa4ae69', 3, 2, NULL, '[\"*\"]', 0, '2021-01-04 06:28:40', '2021-01-04 06:28:40', '2022-01-04 10:58:40'),
('945c52b210d2a5edba2397f95834b611402c3e975e581f7a0c3ee26b2b5812cdfe2513ff092ec947', 3, 2, NULL, '[\"*\"]', 0, '2021-03-23 16:08:42', '2021-03-23 16:08:42', '2022-03-23 11:08:42'),
('97f8101ae74786f8177e0fe74cdf9275be27c39bc8d2ba8ccc0c31ec81bed5d28256f18447d7cd2a', 3, 2, NULL, '[\"*\"]', 0, '2021-02-25 01:23:55', '2021-02-25 01:23:55', '2022-02-25 05:53:55'),
('98d76e3540f94c10176f2c2304345d2828cfa5a14a290b3cb25f52c6500c07797d0f8d8192b2b15d', 3, 2, NULL, '[\"*\"]', 0, '2021-02-21 03:05:42', '2021-02-21 03:05:42', '2022-02-21 07:35:42'),
('9a0eb4b1872139b0f8d2634b8784e4c0e03c6e235e29c2c92d7fea5be98ef5f8b57a802ddb9acf37', 3, 2, NULL, '[\"*\"]', 0, '2021-02-06 05:00:10', '2021-02-06 05:00:10', '2022-02-06 09:30:10'),
('9d0f1433db409f17ceea6839e14075b8dfb0bd86744584bc1f4c99b4b3d309ac4c6eb053fae3802f', 3, 2, NULL, '[\"*\"]', 0, '2021-02-25 13:49:09', '2021-02-25 13:49:09', '2022-02-25 07:49:09'),
('9e136696259038642f5484acea318f9dc4d480cc7a4e35305e35923d36f37ced954f855b1dea7438', 15, 2, NULL, '[\"*\"]', 0, '2021-02-27 16:11:40', '2021-02-27 16:11:40', '2022-02-27 10:11:40'),
('9ea4f2a7cf801e28da26eceb917a6293b0c653fc5956b723a22633d78442d9ed6cb2962790cc51a0', 3, 2, NULL, '[\"*\"]', 0, '2021-02-25 01:07:50', '2021-02-25 01:07:50', '2022-02-25 05:37:50'),
('9fbdf524c2c5e964670d8111ebf272197650ff912f91b3d2708eb2692e17ccce84e71d1c8cf799c2', 3, 2, NULL, '[\"*\"]', 0, '2021-01-04 07:18:24', '2021-01-04 07:18:24', '2022-01-04 11:48:24'),
('a0d69fa88cb26dd3a51bfc9089ad05e81bc135571124da031242f64681210620306dcbb79e675636', 3, 2, NULL, '[\"*\"]', 0, '2021-03-13 12:23:39', '2021-03-13 12:23:39', '2022-03-13 06:23:39'),
('a1b95ab9497d7c0c3f99e49155c1a8f864ad9fa7b458b4a85563d058ddb0c322bb64609cb7a5f0e2', 3, 2, NULL, '[\"*\"]', 0, '2021-02-25 01:21:14', '2021-02-25 01:21:14', '2022-02-25 05:51:14'),
('a767e0ff81ee0f2be815321b65391800e6b0ee74eb3acbfa3ff89c56b5e6da5ac841955379f6ead8', 3, 2, NULL, '[\"*\"]', 0, '2021-02-25 12:54:59', '2021-02-25 12:54:59', '2022-02-25 06:54:59'),
('a969874727d1bcf554fee552068dbdec3f0521e04ddf0b5cb986e85640bab1bb7ac535a8e9b6f5a2', 3, 2, NULL, '[\"*\"]', 0, '2021-02-25 00:57:16', '2021-02-25 00:57:16', '2022-02-25 05:27:16'),
('af2cbece2f21691ebf187b38b1ceda423e71c422e1c1862c6633116d92979cc6edafa6a846dcf369', 3, 2, NULL, '[\"*\"]', 0, '2021-01-04 07:21:00', '2021-01-04 07:21:00', '2022-01-04 11:51:00'),
('af30058deba2a4738683c963a75bdc64138d7ef65cb97b912e19487fa0c10eb9241edd43c8d06bd9', 3, 2, NULL, '[\"*\"]', 0, '2021-02-25 16:46:38', '2021-02-25 16:46:38', '2022-02-25 10:46:38'),
('af4d50297de728f25c21333bb404c3f6fe8b648d2c55616363f4c4f4e72393f88a19c55f38843613', 3, 2, NULL, '[\"*\"]', 0, '2021-01-10 00:10:35', '2021-01-10 00:10:35', '2022-01-10 04:40:35'),
('af743bd3ccbc281c756d7e0be643b60085f6418884caf7a2bd766af7482961435433bd6f0566bfbc', 3, 2, NULL, '[\"*\"]', 0, '2021-01-07 00:48:32', '2021-01-07 00:48:32', '2022-01-07 05:18:32'),
('b1948054099a1ff3715a33c98d0ce9b30ca2cc570876bb3bd2b67854bd9354b0780628ec99d71476', 3, 2, NULL, '[\"*\"]', 0, '2021-01-12 02:44:02', '2021-01-12 02:44:02', '2022-01-12 08:14:02'),
('b3002bf43f87b314614e97de10e98aa439cf38e7fc81ea089812156e984676ada979fd77abdeca69', 3, 2, NULL, '[\"*\"]', 0, '2021-02-25 01:21:49', '2021-02-25 01:21:49', '2022-02-25 05:51:49'),
('b61272d57011c9be356b382c57496ced6b0bd953622732cdff968ac15be970e8402c1132eed6b1a5', 3, 2, NULL, '[\"*\"]', 0, '2021-01-21 05:46:50', '2021-01-21 05:46:50', '2022-01-21 11:16:50'),
('bb0292ceceb51f4daa3fec0e50156f126b56f169a7584b744d10bc53842c47412d46ffb7d4c48f5b', 3, 2, NULL, '[\"*\"]', 0, '2021-01-04 07:39:55', '2021-01-04 07:39:55', '2022-01-04 12:09:55'),
('beb301a35c09d5440f62521118260548358bb116dc720b1353d634b711050b71b6d6e0c4d9f6d138', 3, 2, NULL, '[\"*\"]', 0, '2021-02-25 01:22:39', '2021-02-25 01:22:39', '2022-02-25 05:52:39'),
('c0f71cb3725b99956b3aa9f4ad66d2a65440286a427bd82e3f50958d0ba5e52fcd50f74e133c6d82', 3, 2, NULL, '[\"*\"]', 0, '2021-01-06 00:05:51', '2021-01-06 00:05:51', '2022-01-06 04:35:51'),
('c6fc955f758b875e17b25859ca91fe7cde3099d0fc47d6d9b6a894d0ee5f5907c2ce9bd2f9bcef93', 15, 2, NULL, '[\"*\"]', 0, '2021-02-27 16:02:29', '2021-02-27 16:02:29', '2022-02-27 10:02:29'),
('c783aa8ade4c275343b6a331d9a4bc4e3ccfadd4576845bf20ce55542539cc5ef523b150c5705909', 3, 2, NULL, '[\"*\"]', 0, '2021-03-13 12:34:15', '2021-03-13 12:34:15', '2022-03-13 06:34:15'),
('c9faca6c550ee4b472ffe9845db0037e95f26464aa0971b10faa573130d9315c0a1fac87c0adf574', 3, 2, NULL, '[\"*\"]', 0, '2020-12-29 03:02:44', '2020-12-29 03:02:44', '2021-12-29 07:32:44'),
('cfe3146d436ad64ce108cad862c99c2055d72ed696feafbb330fe46a07cef7ff816f609ed88ade15', 3, 2, NULL, '[\"*\"]', 0, '2021-01-10 06:30:47', '2021-01-10 06:30:47', '2022-01-10 12:00:47'),
('cfec383dba6272f784bef021399119ce2d9d640b30dea12847ea89e919124aaa12086b311368166f', 3, 2, NULL, '[\"*\"]', 0, '2021-02-17 00:21:24', '2021-02-17 00:21:24', '2022-02-17 04:51:24'),
('d158ef40b02d9ceafc391c6fa8962b3961b813a8c315c337074677523767df5a05cc772064fb8920', 3, 2, NULL, '[\"*\"]', 0, '2020-12-29 05:05:06', '2020-12-29 05:05:06', '2021-12-29 09:35:06'),
('d2949626d201e1983a788ad316285c2699732c2a8f104693208b2d2bf0bc0bc00831dcd1caa93562', 3, 2, NULL, '[\"*\"]', 0, '2021-02-25 01:16:23', '2021-02-25 01:16:23', '2022-02-25 05:46:23'),
('d349a5fc98e317314838853c22bad3de8e9c653e818db3c766f81fa778adafab1e65992cfd165894', 3, 2, NULL, '[\"*\"]', 0, '2021-02-17 00:21:42', '2021-02-17 00:21:42', '2022-02-17 04:51:42'),
('d3ce7f4a9f450131a129ebb1ac750dda2a0f09d026d3788cf26db45d9d3511a75e3b6d91eb25c600', 15, 2, NULL, '[\"*\"]', 0, '2021-03-06 17:43:49', '2021-03-06 17:43:49', '2022-03-06 11:43:49'),
('d43689a061c028be4502f3267c7fa94a3535a38f6874ac3c20fbae32d6b77468e6671ecbb306817e', 3, 2, NULL, '[\"*\"]', 0, '2021-01-01 23:54:54', '2021-01-01 23:54:54', '2022-01-02 04:24:54'),
('d6e4b92675e6c0169fbcbdc6ef7b66dd88d2d59e4daee5f054d93b470581a702c2ee8db40aae6fdb', 3, 2, NULL, '[\"*\"]', 0, '2021-02-25 01:21:31', '2021-02-25 01:21:31', '2022-02-25 05:51:31'),
('d7700f7b3df5279f7d684f317f5395f1f18e2150c7becc2a491603947f0616c3ab6258329ec8b5c0', 3, 2, NULL, '[\"*\"]', 0, '2021-01-19 00:36:49', '2021-01-19 00:36:49', '2022-01-19 06:06:49'),
('d912068b0a52b0b145c3e5645fae0dbce8214b08731dd2e122365abecd241062e9608456c8014078', 3, 2, NULL, '[\"*\"]', 0, '2021-01-19 00:36:29', '2021-01-19 00:36:29', '2022-01-19 06:06:29'),
('db56963d7a207ec62279be2c1ec77f0159d3d93ab0605d3c6e8f9c78d1a357f129363a95995c058d', 3, 2, NULL, '[\"*\"]', 0, '2021-01-10 06:31:07', '2021-01-10 06:31:07', '2022-01-10 12:01:07'),
('dc19bb3bd03ca351e991a2c166b5c84cc0dc7beacdd983f2932fd4545cf9ee965fcf012e76b6f8e1', 3, 2, NULL, '[\"*\"]', 0, '2020-12-29 03:47:54', '2020-12-29 03:47:54', '2021-12-29 08:17:54'),
('e43271f2abda1851eaf7dd7229bddc182aa2fdad69ae49bd550e7070fe9296f4cb6229445553979c', 3, 2, NULL, '[\"*\"]', 0, '2021-01-19 04:47:44', '2021-01-19 04:47:44', '2022-01-19 10:17:44'),
('e827f264e5848ebec42679926491f34ef2ab9d3a549dada1f65abbdf981befdacb0e2e151cf90491', 3, 2, NULL, '[\"*\"]', 0, '2021-02-25 01:22:19', '2021-02-25 01:22:19', '2022-02-25 05:52:19'),
('edd85e2d3583d9b70ad21cf490389f71941ef20292874646f6530f50d2d8952043c804d264735892', 3, 2, NULL, '[\"*\"]', 0, '2021-01-04 23:47:34', '2021-01-04 23:47:34', '2022-01-05 04:17:34'),
('ef426d94f1916791607826dc32b29c939133df6de736e583587b25004a000933bd5621134fe9e507', 3, 2, NULL, '[\"*\"]', 0, '2020-12-29 02:30:06', '2020-12-29 02:30:06', '2021-12-29 07:00:06'),
('ef6eb06d6608cf1cfaf7ad5d86b3a07ac49321551352cc22b509988c897a1b89833000453eca1483', 3, 2, NULL, '[\"*\"]', 0, '2021-01-03 23:56:04', '2021-01-03 23:56:04', '2022-01-04 04:26:04'),
('f09b7895dbd228190b0616ee0deb247ca3c8f8eccaa348c8e637ec6002b99dc2f4ad5f902f9472f1', 3, 2, NULL, '[\"*\"]', 0, '2020-12-29 04:54:23', '2020-12-29 04:54:23', '2021-12-29 09:24:23'),
('f1cfa2a21d3a24b71f21ae3f00b55814915471974b0a9ebe33b0512925436b0002fc5291a35d4229', 3, 2, NULL, '[\"*\"]', 0, '2021-01-14 06:43:57', '2021-01-14 06:43:57', '2022-01-14 12:13:57'),
('f3f9a89379404fd91d047a5801987a1dd6085e9fad3ca7642ed3caeaf689bdb259a4d58417d06bab', 3, 2, NULL, '[\"*\"]', 0, '2021-01-02 00:52:40', '2021-01-02 00:52:40', '2022-01-02 05:22:40'),
('f4c5685b1caac71788d7dc55f31c62a6671499d4a7650709b909b11b7b3e9610b7d9e1708a7a770c', 3, 2, NULL, '[\"*\"]', 0, '2021-02-28 17:02:39', '2021-02-28 17:02:39', '2022-02-28 11:02:39'),
('f5d242ce18fd0fb1c0b1720f4c28f8451a6b0b48042144afaaa8003eaf6b23929200675c4406feff', 3, 2, NULL, '[\"*\"]', 0, '2021-01-02 23:55:33', '2021-01-02 23:55:33', '2022-01-03 04:25:33'),
('f8693962e790fde7de758054f586347846f470dd0788ca15e71ab4b5afaa28a9fdead90c30c60330', 3, 2, NULL, '[\"*\"]', 0, '2021-02-25 01:13:59', '2021-02-25 01:13:59', '2022-02-25 05:43:59'),
('f92e9c95eefe8e325a75ff44057d5098462482fb713a63f4a31d1d5067c5ba3057e55f9c477ddc37', 3, 2, NULL, '[\"*\"]', 0, '2021-01-04 07:38:14', '2021-01-04 07:38:14', '2022-01-04 12:08:14'),
('fb71abf3b6258e9be056679c3d1dfc78eb7d8215e9a434a00a6bda9353ac76f33ad804bee0e537e2', 3, 2, NULL, '[\"*\"]', 0, '2020-12-31 00:01:41', '2020-12-31 00:01:41', '2021-12-31 04:31:41'),
('fee28dc567e42119e7430b675a89295e752f1c87c4af7e1ea3e55fbceb95f4c83fa24aa15978cd6c', 3, 2, NULL, '[\"*\"]', 0, '2021-02-11 03:21:51', '2021-02-11 03:21:51', '2022-02-11 07:51:51');

-- --------------------------------------------------------

--
-- Table structure for table `oauth_auth_codes`
--

CREATE TABLE `oauth_auth_codes` (
  `id` varchar(100) NOT NULL,
  `user_id` bigint(20) UNSIGNED NOT NULL,
  `client_id` bigint(20) UNSIGNED NOT NULL,
  `scopes` text,
  `revoked` tinyint(1) NOT NULL,
  `expires_at` datetime DEFAULT NULL
) ENGINE=InnoDB DEFAULT CHARSET=utf8;

-- --------------------------------------------------------

--
-- Table structure for table `oauth_clients`
--

CREATE TABLE `oauth_clients` (
  `id` bigint(20) UNSIGNED NOT NULL,
  `user_id` bigint(20) UNSIGNED DEFAULT NULL,
  `name` varchar(255) NOT NULL,
  `secret` varchar(100) DEFAULT NULL,
  `provider` varchar(255) DEFAULT NULL,
  `redirect` text NOT NULL,
  `personal_access_client` tinyint(1) NOT NULL,
  `password_client` tinyint(1) NOT NULL,
  `revoked` tinyint(1) NOT NULL,
  `created_at` timestamp NULL DEFAULT NULL,
  `updated_at` timestamp NULL DEFAULT NULL
) ENGINE=InnoDB DEFAULT CHARSET=utf8;

--
-- Dumping data for table `oauth_clients`
--

INSERT INTO `oauth_clients` (`id`, `user_id`, `name`, `secret`, `provider`, `redirect`, `personal_access_client`, `password_client`, `revoked`, `created_at`, `updated_at`) VALUES
(1, NULL, 'Laravel Personal Access Client', 'y0D4h9h0FWQXqiSdUcMLhnZHeZfQf9iSBuXujFXf', NULL, 'http://localhost', 1, 0, 0, '2020-10-27 02:14:52', '2020-10-27 02:14:52'),
(2, NULL, 'Laravel Password Grant Client', '3uqtjmiGhLD4NaPElH7FrDb6hB2C8fUTVfSHtTlt', 'users', 'http://localhost', 0, 1, 0, '2020-10-27 02:14:52', '2020-10-27 02:14:52'),
(3, NULL, 'Laravel Personal Access Client', 'gV87ePjm4u3KlPSDUhnvGG9bp5LaohA2JpRBXdKK', NULL, 'http://localhost', 1, 0, 0, '2020-12-03 00:06:54', '2020-12-03 00:06:54'),
(4, NULL, 'Laravel Password Grant Client', 'qg4PiK7Hu0ZHhjmSwAonz7Sri2lsuAwBY1cxZ7v8', NULL, 'http://localhost', 0, 1, 0, '2020-12-03 00:06:54', '2020-12-03 00:06:54');

-- --------------------------------------------------------

--
-- Table structure for table `oauth_personal_access_clients`
--

CREATE TABLE `oauth_personal_access_clients` (
  `id` bigint(20) UNSIGNED NOT NULL,
  `client_id` bigint(20) UNSIGNED NOT NULL,
  `created_at` timestamp NULL DEFAULT NULL,
  `updated_at` timestamp NULL DEFAULT NULL
) ENGINE=InnoDB DEFAULT CHARSET=utf8;

--
-- Dumping data for table `oauth_personal_access_clients`
--

INSERT INTO `oauth_personal_access_clients` (`id`, `client_id`, `created_at`, `updated_at`) VALUES
(1, 1, '2020-10-27 02:14:52', '2020-10-27 02:14:52'),
(2, 3, '2020-12-03 00:06:54', '2020-12-03 00:06:54');

-- --------------------------------------------------------

--
-- Table structure for table `oauth_refresh_tokens`
--

CREATE TABLE `oauth_refresh_tokens` (
  `id` varchar(100) NOT NULL,
  `access_token_id` varchar(100) NOT NULL,
  `revoked` tinyint(1) NOT NULL,
  `expires_at` datetime DEFAULT NULL
) ENGINE=InnoDB DEFAULT CHARSET=utf8;

--
-- Dumping data for table `oauth_refresh_tokens`
--

INSERT INTO `oauth_refresh_tokens` (`id`, `access_token_id`, `revoked`, `expires_at`) VALUES
('0123e46f4521f5d11a15cc3d2053be4bcd7a339be415c2ede31c899b9a81247396e0b2f8ac9fac4e', '9ac9aa5ffa3a4a326b52442a4d9dafa116d2e11e281799cc5d6acc4b97065fe61445cdad1c52b00a', 0, '2021-10-27 11:22:15'),
('012ab95499c1975dc550988d0cbacda5f81dca33aeb274833a0355c6a51dcd0e4944cb476b440540', '878c820bdf2f79883f9f4241ecbfe9e9c448ae52560041308e05a1e550647b23aa8ee288401f3775', 0, '2021-12-29 06:24:05'),
('027f32ddca1fc61dd4d77990fffdbb23ba1c7809bc832b4c61d0cc790ec8469e11d43c1ea3b2291d', '4bd337cb0096f257d8adf45a073a120494a2cfe49d288b8807b021566ba2384971f9c28618cf802c', 0, '2022-01-04 11:41:28'),
('033e0822765c3fad8ddbc6b8530c8d3098738981ae757822aef03aae56fb7148a9845cbf6bba4c0c', '1b1ef02277d55e2aa46f7c1260fde0ac0c668a810a490e91d545274d65cb5b288dffa65b578cde73', 0, '2022-01-21 06:28:28'),
('03f88dc2afffe18640209cc594e9117898255afaeb313383b7c14a34f867b4022de5e8825a920bec', 'f8693962e790fde7de758054f586347846f470dd0788ca15e71ab4b5afaa28a9fdead90c30c60330', 0, '2022-02-25 05:43:59'),
('04b6dffec799659dcbceaed7f2c7f188d94c6cba13c4a9a8dd2f217f1260e89f26bde72148cc88ea', '02883374401d08fd31fec7c059b6a7a6aaf044a6ad67fcf8eef6cdc7ab0a57c58f79088bc7136ce2', 0, '2021-10-27 10:46:04'),
('04f7b42ff3fcd68ea21d0f8e8961f2611960fb55a665f12e4b5e96067486433ffd12bb6bd65480bf', '1db78d69b7e286cf219e936153f663cf36acc24f803faa98e9d6edb2c0b23fcf341712927fb62c43', 0, '2022-01-09 04:43:30'),
('054c837e201612c2ce80970bcb874163f0549033e001c50d8177437046a3c0472a558d6ad199f00a', '15b08789c1b09b79860be5309e679ecfab38079584a811dc20c5e8e8de680890091243d9e67719bc', 0, '2021-10-27 11:26:49'),
('05b2b892fb07dfcb49536155155589e898acac7f11a4288c3719ccf1fae87ae88ec01702cc85ee76', 'fb71abf3b6258e9be056679c3d1dfc78eb7d8215e9a434a00a6bda9353ac76f33ad804bee0e537e2', 0, '2021-12-31 04:31:41'),
('05c5edd0eb2acd7e125d95c7c2f9da9090794c828cf3410721042925b271e3717140bf30abd74a1c', '6fb73994109fc9cb9886f96602c2b158ab078aeb9183895993de182d323c53487de3b6434e9a45bd', 0, '2021-12-29 06:26:26'),
('079324b074942c4b23aae95adbbed4ba9a15f9843ef0e7f79614f4e2adfe5e7871d4af43be7d20c3', '54d3dcb101f5e33cd1882ad56f03938c8852de3010e8a7cbb0f1d4863952158f314e360ec60d1bb0', 0, '2021-10-27 09:52:41'),
('0803e3e56eaac8e20db6fa911802f091072338effe12441ce98ac506a38aacf5949488ead81ccc83', 'beb301a35c09d5440f62521118260548358bb116dc720b1353d634b711050b71b6d6e0c4d9f6d138', 0, '2022-02-25 05:52:39'),
('0860faeb3487fe05c49b7bd2f16b6c47f462d576b6f40cf78c8b70f3abedffdc41981e6d2d958f5a', '6f02742bb027328aacbe6e17e98692cf7017531967dc08c296089b4cd92b365bff3ec9ad54aad65d', 0, '2021-12-29 05:56:07'),
('09c40a096537affa481cd8419324fdbcf273e08d5f403736155d72a3b90a2953dce79dc78614baed', '14d988006ce05af2607563b6e447a5985d3ab8527752f195d4dd4e59fe23daab6b1ed221bebec58f', 0, '2021-12-29 06:58:21'),
('0c06aef06c238acd62d65ca4e79513d59953ef1c8aafce2825855fe583828a52d9330aad076ff6f5', '6bef62ca296911f7eec9937c25f6fe6c213aa6db4a0edd1f5c94944e1145ba3332f96454159fc261', 0, '2022-01-03 09:24:20'),
('0cae5563a00b8778aa877f2787829c75bfd661b08694109b26311771f0f3f363e9291d8089b41f8b', 'af4d50297de728f25c21333bb404c3f6fe8b648d2c55616363f4c4f4e72393f88a19c55f38843613', 0, '2022-01-10 04:40:35'),
('0df437f0fa601ff61f07842ff1a1ffb7c027ad7759b1753e17ff77644f3f1b5030883397231d7b80', '8a22e6006e7de82a97cf61f1e354c3488e606f02ff673ba9b8fbbb71f6c4d2e240fdde726fa597de', 0, '2022-01-02 05:24:09'),
('0ebbbdda319eb03ed5e4e990ff5ab85309aaac5d58a0e72686ed65a2cd658088de6f6e8c72d40ef7', '6f104d01121b04b1112ab4581d5a140920e1e5fc8d39bbf5abb8bafcc5f83cca1bda674309c5ffc2', 0, '2021-12-28 07:50:49'),
('0f3bee110e5288c0c38ed85044b5831f370f0875c67ed78c59d9961b48c84dbd56d646e0e795f5fb', 'b1948054099a1ff3715a33c98d0ce9b30ca2cc570876bb3bd2b67854bd9354b0780628ec99d71476', 0, '2022-01-12 08:14:02'),
('0f8525eeef2efb7885d7b10d2f7631fb520f2a9ddab83a30b377e8ba27ad97b7f2d73a7a28ee3646', 'f1cfa2a21d3a24b71f21ae3f00b55814915471974b0a9ebe33b0512925436b0002fc5291a35d4229', 0, '2022-01-14 12:13:57'),
('11d7aba3188357b5cc0eb7b3d4b2ece78d4e3bda8d75957ea164e684a93b84cf843f49e01fceef61', '2fa5d2431a76ee1b9e57f8456f90050c1d0a00a872fab834d9370c8d2e871cefee1ffb88aebd2ea7', 0, '2022-01-09 05:30:08'),
('14b24021912e88e46c1503e1872ec8da6ccc2bac2e288dc63b66b93a7c405049ed342377604b7d86', '5bda28cafbe214172275eded4c6e3b2435e0294f68d0402df69c0f11bf22e38f45048b22668c4ecb', 0, '2022-01-04 11:51:37'),
('1593acb1bc7acaeb9f7b9fd1446a9320fd709bfd0be397a0ac0b91809a85f2d4659ea277923e3923', 'c0f71cb3725b99956b3aa9f4ad66d2a65440286a427bd82e3f50958d0ba5e52fcd50f74e133c6d82', 0, '2022-01-06 04:35:52'),
('16fba6c124b4f524dbff3022112de13465277c133a6a7d78837a46ed686593421e5307026c69da38', '97f8101ae74786f8177e0fe74cdf9275be27c39bc8d2ba8ccc0c31ec81bed5d28256f18447d7cd2a', 0, '2022-02-25 05:53:55'),
('1b1b0662c60afb0276b899004a31d0dafe83c086c4bce83e45c565bd6c5870ec124dd23e507eac94', '6c5649425d290c670a9a457fcd611050af53aea38e6dfbaf8b908d79b4cec3c62345f0d12ebf500b', 0, '2021-10-27 11:29:30'),
('1b46a41962576c137d9c86b6ef87c41e71a7097b2c32bf2f770da54d9e49a45132a0c76aa89c6b8f', 'b5a7bb755ed8fce56d040eb1004b18ddac8f47d1c887b759573d751963671817a746b3f12496c93a', 0, '2021-10-27 11:26:50'),
('1d676855a195538ef8d5cb6c549fc63a9594402259bd92959c84f162fd5c1dafea820cedff255229', '465f94487c7c5190c4613be4aa8faff9e742212c24ce781d4c64ad0ee6840be650fa8a84fff86d9a', 0, '2022-01-07 05:20:39'),
('1f82b5378eb665f84edd237f15c88eb5a56d82197ce8fb9ead48e4bc112c1c690862149d8ed7e757', 'af743bd3ccbc281c756d7e0be643b60085f6418884caf7a2bd766af7482961435433bd6f0566bfbc', 0, '2022-01-07 05:18:32'),
('20726d1912b6253af9f057c8d7efc5a0c8d0b0c84ba7a603c7116577953f5293daded81dd8b5c2f1', 'a9d50ec4beca40b7b46e478f0dd65eb5faa831871ba71ff97ff53f67688d9a6f809d93134c01ae9b', 0, '2021-10-27 11:26:41'),
('223268273d19ccf2535a0ed1ab08f141ce4bc1ede713e9b209c98c0f4ce6983f823f725b51b0200e', '4801d3bd7839b08bc31779626d9e014614caa1eb848d39fd55bfbfe1c285394e467a8fb91c948fc0', 0, '2022-03-10 13:12:39'),
('2369157f948ca851a47d717ee7632c0da2384903ffbecf6f4d3638b3ad1571f78887cb2051a6438e', 'f472ba4cd73470cfb4532e708c9cadf5582e6ae4ce9202d835fd53d18c4b4606e73d0d7661284480', 0, '2021-10-27 10:47:28'),
('23be6bd534f540cd505744d08313faaaa2882908a69bbc71210cc9de75cbdd512843cd66480c780e', 'd1460d8a8f5c37f0704bf1dfbf746cee5e26fde47a7e2414c0510a3c82d1486dfefe6e3d27d2110d', 0, '2021-10-31 08:12:28'),
('26847a99b95149ca83d730b953930deab59aad5636526a850ddc9457384d8bfe3b407866b49cd849', '50b68f6c6e398d9086dbb5f33d27309fef71bf7b0a42b4facdac09cec39345eb71e30586c617cdfa', 0, '2021-12-28 10:56:09'),
('26e2a768104ebbf4805aabe90bce79d6a3d89c02a029b45e8babf534373351a46a57dbce2f6bf352', '24482df7f3db367a1797bf631507b3e13fe17b18e41287b80ba06663eff312f350cf40a990dfaec4', 0, '2022-02-25 05:36:12'),
('27b27f83e00d0c211d0dfbb40b22469d3bb8e78e178425e1c38132935a20a42185127194e4b4b472', 'af2cbece2f21691ebf187b38b1ceda423e71c422e1c1862c6633116d92979cc6edafa6a846dcf369', 0, '2022-01-04 11:51:00'),
('28bebd3a71e9a06d01ab60bfbe61e119deba15b4b7a17dde6f6cb662c0ed6e320f07b1b1af5b10fe', 'c9faca6c550ee4b472ffe9845db0037e95f26464aa0971b10faa573130d9315c0a1fac87c0adf574', 0, '2021-12-29 07:32:44'),
('28d3a550b763735e2747bf51c589d05dc702ebe1a869320975f4091abc4353e1410885b211616499', '2fde8b86fdf6b2bf40a6e68d233c3e3495dd826e5c55bfe1f07877d952992f93b86d2c3cfadb3a64', 0, '2022-01-07 07:13:30'),
('2c6b41fd2c565217397ee13a914276b8b8facdb66660d1bfdf22074fcfc1b0dcfe49d5d81f7899f3', '3e13ac460cb4c42f5ab155ddd76ba8a086d046cb429a1f1a48ee5d3fb39f7b36154be44575c17254', 0, '2021-12-30 04:02:18'),
('2fdf433e06912d64e171c3a07469705c592da3cd541aacd7afd1c8e139f6441f457b29aa982b1837', '604ab4c5429ca8e90ef21bdfea55aa17dc7e1f9f2696b63be916276a0a5fe6521f98ef0291911666', 0, '2022-03-23 11:08:43'),
('3121ffdb33c3b9979096f381d474f8c90096ad7d2570da67b13dcc9cc32f6536defcb94f93559ca3', '2d14782df800197b893dcdf5d71da955b16fbba296481437323b2816d2d53fc82c8e491174d6f7d7', 0, '2022-02-27 10:00:55'),
('313614c28854d571fd2dee4a8dbda7a94dfe1ba42a47a89fb7fa6fa50cba0bd3e3f4ba1990e7fb7c', '5ec88cbef7193a06be3cc8ed2a811812f2b9c5a863efde8bab8d045203c4e64ca7048e1b9a84a32e', 0, '2022-01-12 13:00:29'),
('3521de3a4beae91da985234ed5a3e36debcd965e4ab6581ba9bc47a54858d53392371cc8e56be978', '4c821ada65c9d8f9acfba057257bca097a7ad008ec0650ae0037625fec05c92c5f39c09284dedc41', 0, '2022-01-28 07:25:34'),
('3743538e14fe2a25fef3b05296d4f64cb61245f3f38ddd24d0a8d4277ddaa2cec867fd18454878bf', '7d318ee0d18fa40fb737e4c6ed55fad939611373552c1681524c0c7f98c5fcad763b31c57441a4b1', 0, '2022-02-06 07:00:36'),
('37c0eae072fcfbbc3fd974e1c5fb50cc4c27526110ee5ebec96e3264eaee9c05460b43561f268402', '1660e86d1a9fd28f35111d24bba2643464e0c2a8bb805ef1fa2a89169406e3ba6db32b11e092b337', 0, '2021-10-27 10:47:51'),
('386946c303b2ab24f68cef752294837a11a03c2efbb043dcfa28f9556f8c01e8258d5e8ddc9596d7', 'ede3300467951d1559e65556a592dad76f6734ca4df39364ecfe63503af507ccfca4942354ac3e4e', 0, '2021-10-27 11:30:33'),
('3948809b0fa46e2f8debc7c6ac42c9a6eeae315160701640b9e54b0684014600c00d627c3a9aa00a', '562442fb66cf41e53c27e41ee09b160c751dde7bbad41a0b697cade5733e4b861757cef0bbc501ed', 0, '2021-11-04 03:59:50'),
('3a3cff302e45f698b4da89a3368026a661dc4ee7e4806e895b9a1698beb58182c930d8d62fb2b397', '3f374b1997e767bca31993e6cf910f27d100278cd2c02459c0f41ecdd6a1b7b5b82ba139a484f153', 0, '2022-02-27 09:58:52'),
('3b6a906baf1ee1bbf11a3d9f5b9d0d9c9dbbd215b56a4b2443e89dda742ec0752810705f7e077a7c', '2f182bf34fbc6b5e0bbc109d0318e7ea94c772a91dbf7d2ccc5e173937e5934d9f75bb05d2b33844', 0, '2022-01-04 11:01:09'),
('3b7f23f3cf5415042c93d3fd8d2b45071407bd8da41a21f36d736991b3788031821e5975d2f12ac1', '0ac734f02e00e96a4b1db5cf837630963bf4d7f3be57426c7e22ee3d0107f0adf60384e2d26092b2', 0, '2022-01-04 10:59:23'),
('3e4cec1c2e5d8960447e6b1d0c299dbc564827d771c07498b1891fff521c08744cf0de06c2d82e33', '374dcdc75d2b2a78a84f6c92d034aa987ecbeb97e58ddeaf750e25307d714b94853cc52d050cee16', 0, '2021-10-31 04:16:40'),
('3e80ac02ad8db71c25de6b3205fc0ae43a4c4c63a8634d959addde8a7df659972368a913ad6455b2', '2f7cf0e3926296aed80ebf8b8f63f3a7c92ec28ed3f4c9008c24f0fd8af21536ffaa82cfe046df8b', 0, '2022-01-04 11:15:48'),
('42e2c104680133b20f8f0966ff4e4f74858ada05a852ffa8dd31daf0fff4bca15860238e413a9455', '1e524a576bb10edee7462085296fb0802b716da29705cdbfd617d46b5ac4a5a1bff276a3eddd12ff', 0, '2021-12-28 05:26:29'),
('433c1833cc8f945e9176cbeded14db90520a5b7b594de7f8e7a8aba745c12e3a352cf2c39a2426fc', '6386b926a737de854f17198488428badc62b852539a2467a19dc8b22968e0cfa458dd569e5e7a05d', 0, '2022-01-09 04:29:44'),
('43e852d6479e63db85f7503a55ee90a35d96a43f10da4bf5c33595a068eec694a94e1ec69a041c89', '3e845be4def62e15175c60ea433b6c8ff662365478bd5b442816ff94493020baeaf6eb05600005af', 0, '2021-10-27 11:32:13'),
('4440c5a1e46defc00c6a622229f4eee45b391b6ca2cac26374b8cf2fb1dc74f787fbe5aaae39e51f', '598fe87e1773fde8d57555a31b6467dac135d8c8d453ed80bfdc3a69f56ad4c6a736998883121dc2', 0, '2021-12-31 06:29:12'),
('45a4f9be0f4dd03981797e734c014290f603ef9e91ef110dae1928685a461994eec8115f8b913279', '4cbb9d3290a554027b75ce79052c6a16872f759527b0e5b89d1781dfad9b5d8e75733c7b97b24cd4', 0, '2021-12-28 17:02:12'),
('45dd1056607419e81251c193117da862c47a500fef1c52d8684c5d7bb6d2490d3baa9453bfa2ed43', '2bff222614db84cf431d33ab1f5b63d8ef7dde46470c10e8dc161f715b08aaa07673f4fdb508cdd8', 0, '2021-12-29 05:59:26'),
('46215fce4fa8848f9bc851e77bbf73637b63f293bb7cf8c4d1d79d38eaa72d8ed47badd38ebda94a', 'd87c5a18f800df59e9b6f5289b885c1783fb70e9caf5d24006407e984d6739d641787f41e0f63738', 0, '2021-12-28 17:33:53'),
('46b649276fdbf309bdd6da6ade8867ebbcf25a0f9ad7e7d84ed35d6990f16a7b302ab2dceaefc8d7', '71213bc11c140cd245c612950733459b76f568e83ee98c5aa1dc9349bb489d87873cb4c2c53f16c9', 0, '2021-11-29 07:11:03'),
('48c71931f90a59bc10b28b95412ceff3a64dbf318aa11efea386aa426c028f536ba14062d456cded', 'e0a24e95e3d5f7a8588e1e60c586501e121f7963bf29d7f62295f268dc29916430eca2cce63eb67d', 0, '2021-11-30 07:18:03'),
('49431a544cc1b27a9a06545562a02a950d6dac19cced54d1f7d697f359a124c1222deca8f02ba670', 'af30058deba2a4738683c963a75bdc64138d7ef65cb97b912e19487fa0c10eb9241edd43c8d06bd9', 0, '2022-02-25 10:46:38'),
('49d55f791c9387848e8d5eb3b5d45bcc05533741de71049ae10ee88931e0897e60fdb922caaae73e', '7b8337831903eab80371346236023cb437067d6ff29bbc103eaef3d4b53bb80b82f185c1a4bd818f', 0, '2022-02-06 11:14:43'),
('4a1f8923c7722f16aecad8de426cfc60f1e402897a9dc16475d3c6ded79a0d8c0256ce41e795791d', 'a767e0ff81ee0f2be815321b65391800e6b0ee74eb3acbfa3ff89c56b5e6da5ac841955379f6ead8', 0, '2022-02-25 06:54:59'),
('4a27cebb0b72541d6ab32d113bdd0a567dc32484607e1c6bcc137b23a1fea26cd149c127e64facae', 'c0830e7f0ef1eaeb8726210ab55b288ae4293913311316ed66b3790f936fdb44af04c6d1aa580b15', 0, '2021-11-01 11:12:44'),
('502fc037b5f2f39d340971f5f79dad1a94d75e768ad38465f3efd89fcde8d396cca390f029038cbc', 'f5d242ce18fd0fb1c0b1720f4c28f8451a6b0b48042144afaaa8003eaf6b23929200675c4406feff', 0, '2022-01-03 04:25:33'),
('50bc57760c591b0051986da5ad07166ed472c89bb4d55e9774e2fb0735a8d2c5b062777791f94231', '8c41084630c573970cf64b31208aa255ba57781cd72ea319a964fa0bc2af640fc98aeffa2c0bcbd1', 0, '2021-10-27 11:29:06'),
('515bb945c7f81bb461c5a2a9379a6de99004baec9edb438ae549f5b0a6dd2e59a3db6158602d058a', '1a2545e742fb35b7ed5b524b7c4c2bfb62e736ab3df3c934cce2ca4198fcb52b9c15c5c4e5f21119', 0, '2021-10-27 11:26:51'),
('537746bfcf6166d1bc5b700b088c8a6e0a662052afaf325b4725364d8b2bcdf632ee1fa60bc4246a', '3f5928c6901d7c689969cd4fc701ff437cfd0b776f5ed41ba94c718f2a94338fb45faca7391dba97', 0, '2021-10-27 11:26:50'),
('568803c94483997fc7f3528575a554d89064c125497cedfa257a9a6c3826b217bab30b6ce48db017', '6a7d246b13fc3ea15774b5fcde07dae50e55ffffd4fbd16561d70878ca5bc9c228d4377ff05d204e', 0, '2021-11-08 05:48:05'),
('5732cfc30aea3c790e91abebeb6bc6c55df224e75d2b14bbe9ed3e83786a1cf898cb8c098571f8d3', 'd158ef40b02d9ceafc391c6fa8962b3961b813a8c315c337074677523767df5a05cc772064fb8920', 0, '2021-12-29 09:35:06'),
('57c8bdf33fbd985a32acf814c0f03946b6ba34742def79333f2cd9d0160d3dc29ef940d84a8b8974', '3cb24831bfc9611c4d089447c22f452ac208f15db15e749432b5faf46fd795858c793e7f266a3d9d', 0, '2022-02-25 05:56:29'),
('5b22b99bbf2aea50d9159372bbece5f56b232e3f32794c2a430d15e0976d152f26c14142e2930bd5', '44e24d7df494ea4bc13fcc1617b9c82e5bef0d3cec1621fa18a261ba3760ac77ea539bfcd8fa8eb5', 0, '2022-03-13 06:16:17'),
('5c41da82101de744dbfd60d3c9b80138a408ccdca797d9da72129fc95e66c108fd4102382d33c865', 'f5f9aca2a037a53794b24e3c5bea8f483b36cd3919b10405e49d1768b8ab2b90c633d9e77a879ef3', 0, '2021-12-29 06:29:34'),
('5ec96c45faac0e32826ef53fbd3f815e8eb340382984d4b4418145d46918b0884b93897eb4819c24', '3e59a57e82999cfe47620db5b11aa36e1082ac1cf1850685ea27d4dc678984084b2e20efb6511e95', 0, '2021-11-03 09:37:28'),
('5f723d40765d9c1b573ea37fcc63375c480e4b380579a259f521b18bec45bbeec7b75c593aa42d47', 'ef6eb06d6608cf1cfaf7ad5d86b3a07ac49321551352cc22b509988c897a1b89833000453eca1483', 0, '2022-01-04 04:26:05'),
('5fec7eaf030d0e8594fd04ed0b7b36bb9a6fd6e7957e62b7b7d09b36ef2a7f1fe923a0fbe8b6a7c9', '9cdae8af047f01647fb003924229fa5a99af38cf228927338febc8be1014aeaf3709aea176a71efb', 0, '2021-10-27 09:33:10'),
('60a830119d50426a9ba3351ba9899957cf5f9627934c47115323054e0688cd6179a02b1b2619b20f', 'b2b7704674274e6b1fa444a3db89a4cf751c3482d8c8abe57ae40be62cac18c1dd0984ea4a8e4202', 0, '2021-12-28 10:54:01'),
('634368ecf9aed4d8527c81921ddc5ec8563fa89dcc3647464293f2d16412a79874e7034ed567bddf', '1fe3662dd4595dac173d77bd7217e4caaac3d0c348d60159314bc3f0585dbe6b025cf76fda78709f', 0, '2021-12-28 07:49:12'),
('64299926f6f37952edf535e3d2b8e316b5ec227ad73f11673b1aa9265b50f843d8cd5908bcc48c60', '392f5cdaef98a64a7abdbb720fc41e3f7c016000935c97b4b64e7ec05d620a0fdeecc2abf6f64300', 0, '2022-03-13 06:34:18'),
('64ff72c72c4450b92346ea820dc05a853425814641770d9c57611d9d617025c93f6437e670f99b5b', 'cfec383dba6272f784bef021399119ce2d9d640b30dea12847ea89e919124aaa12086b311368166f', 0, '2022-02-17 04:51:24'),
('6617e3508362fef87e78ebf2a85d2d07249ec36a6fcefeac99d6acd3ad9d025ab34f15e2cb045a4e', 'c783aa8ade4c275343b6a331d9a4bc4e3ccfadd4576845bf20ce55542539cc5ef523b150c5705909', 0, '2022-03-13 06:34:15'),
('68711e5060ac00fcc46a24212c41bddf891d3ff0eb95f0b66c4e20a8383d86ba4d3534a59d65aa69', '9fbdf524c2c5e964670d8111ebf272197650ff912f91b3d2708eb2692e17ccce84e71d1c8cf799c2', 0, '2022-01-04 11:48:24'),
('68ac26beaaa66b5f9e84f4c3307eebae3b70decdd2f3c142d8496831819bb0ee7ab9f98959fea31d', '573e7cef746780179591bb86623804e56e7443f2b9be429691cc601f367238275591a9cbb82da62a', 0, '2022-02-06 07:30:11'),
('68f6ce57f27c3e5480a9e95138b747beacf1fbf4b4e306ce7004774173cb34a7964d21b638327ffe', '2287d555551d8256aef42020407b86f1676f28ce1987328bec7b9d68abf2dd09a1643e55b49bbf50', 0, '2022-01-21 11:46:28'),
('6d47285decd2a0651f82881b80a019fc926d611cecc2fc545e24fa4e68ea8258f90149302c07ac9b', 'cfe3146d436ad64ce108cad862c99c2055d72ed696feafbb330fe46a07cef7ff816f609ed88ade15', 0, '2022-01-10 12:00:47'),
('6f577c70a6439037e62d892b9a0015888760bc0cc084f89c9e5f60318e24336993a247e5dfe5d2c6', 'e1f8428fce1a3c90d1fa58ffc1c6daf9137e78e54051d8aba556f27231415b18ed0b4ec4f6c8d346', 0, '2021-12-29 06:57:09'),
('6fea65495325ab57b187b1ead36a547b7f0679a095e67dffdae0a6586258246e2a6b433244fad10f', '9e136696259038642f5484acea318f9dc4d480cc7a4e35305e35923d36f37ced954f855b1dea7438', 0, '2022-02-27 10:11:40'),
('7056f1394b93b45e4853a0bf0d1ceac04f4309f8eb9691dfeab50476e1d27b1e4f27bae0f848caa4', '77bb0dcabbaa2b49683d290ed090341a58d4254eb9f55577a22366c7e6a8ce66987a9a5794d7d0d9', 0, '2021-11-29 07:11:37'),
('72baf91f8f6cd43f39eb0d3a23540f04c8fc52ba807693469dc8e358b6bf97a7ea5250faeb61d9e2', 'e89ba8d439b313a2ab9261787bff747372169ed2a0c2728b84dffc471d9f83580e901f0ad166aad4', 0, '2021-12-29 05:55:08'),
('73db9bdfbe4531635a13a89d094ecb0fbc9d603ac6619169962fb293998b816eb5fcf0f6bcc72602', 'ee41ed1ee2cda42ba1aaf2901d758a22da6633c7c73c4b0327de6af30d6ff9101c8c9d06bdcd21d9', 0, '2021-11-30 07:07:44'),
('741c68f4adf647ceda299f522806cd81e8b2189eefed4e626ecb6b56fd6eebf4ea41c706fb7d7027', '47614b5e1a0ca3082eb427ef3cb490fa67d2285866e95cc238157a307a10a08145f5307a38e8248b', 0, '2022-02-25 05:32:06'),
('75e1a9fc0fcc697ed0099cd1bf56ecf0270de38a219c629ea7cb565aeebce9dbf1bf948d1b762031', '31cb4ae3cefb16d4ff8dae31f6e8a20706d19cd5e1f28772e3f000e781626bc0fbc6c12ff9cbfb04', 0, '2022-01-10 11:48:16'),
('77a046219e218accfe8009272f5307f813e5d6fd9a3819e8002cb9e38777324aafa57f7a2c1fa384', 'd912068b0a52b0b145c3e5645fae0dbce8214b08731dd2e122365abecd241062e9608456c8014078', 0, '2022-01-19 06:06:29'),
('78479cfb9ea44378fd287879a57944568acaf347536b19f26ff3ce162a627f266c329bc76c6dbfd9', '75d8d7041f62e2c4de41162d8de89960f248630705e0169045549e0546d254e191fef2d320be7891', 0, '2021-11-30 07:22:07'),
('78ca3c5a04966c3ee2112f8eef3f58f779c580723df7791db74728a242fc0f1e87efb634bdd1bf16', '9a0eb4b1872139b0f8d2634b8784e4c0e03c6e235e29c2c92d7fea5be98ef5f8b57a802ddb9acf37', 0, '2022-02-06 09:30:10'),
('7a620c9ad0b6ca46af4fcd13b841f70dd8429d5149e4de4abc572ada1c9721a9d6c0091096283397', '60287cfa858c0d806b6945a1d9de9c993a2391b5194cf619657fc10e370b4cd0f050a596f4cd5c34', 0, '2021-11-29 09:53:55'),
('7a8df1cc885b52a0850051f014223bbe0d96378eef9412b508fd100ba7c414415dd9e0605e886674', '6511df5c7ac7407c9ccd786b72246df5863b8bfc48703a5d721a8198372eeee86624c1d1712cdd04', 0, '2022-01-26 05:17:52'),
('7b396810ed58bc8bc81644c29b15d9036f3fc81cd29ead438d368c15efd6622e4913386b1e07de46', '14292db3b8e00677819c0f6f5159c17ffabeeff5cbbd794c4c29e38fce72206e970a4140e1934009', 0, '2021-12-29 07:33:06'),
('7b917e6d88396955103b31b88823c0c4bd3e542df40eecd6f8249ff66146bf5410751373c455e529', 'b3002bf43f87b314614e97de10e98aa439cf38e7fc81ea089812156e984676ada979fd77abdeca69', 0, '2022-02-25 05:51:49'),
('7c13d4ea5dc559dfd41f925b535078d0cfe5b1bd5965017850db42bbfef2ad33003fe118f3063697', '2a76049cb64d81125beebd62d0bbc6582c086bd48d9afbbe4773c3b817434d2b1b287d20f9e416b4', 0, '2021-10-27 11:26:51'),
('7cce320ef076f39717aef0b815b011d763c43f0d08d27aa6f607a3b765076deb4a9240c9df8594fb', '9ea4f2a7cf801e28da26eceb917a6293b0c653fc5956b723a22633d78442d9ed6cb2962790cc51a0', 0, '2022-02-25 05:37:50'),
('7eda52c87cc07a5e25e4a4369aefd02cec31d5211988b4722ca118713cb606a43d9876687db79194', 'e43271f2abda1851eaf7dd7229bddc182aa2fdad69ae49bd550e7070fe9296f4cb6229445553979c', 0, '2022-01-19 10:17:44'),
('83a221ced8e129cab3fcb2b472c83ce7d6c1ca705ba5cf9d1e98b25c26b3ce1734d979c577ad6fcc', '832f7d09ac24a04ce02dc993e9326f9420d690095f3fd1e2ae7ca9be3376076950b3bd3a735a28aa', 0, '2021-10-27 10:07:32'),
('8432336cff27eb347fce7e44c8053f96df842fd9a3a7fb8474a3f1b475d8f22a755a9e827d9024e0', '37ef72d932db46195cc07003667ea1da857dda7f4c338d73ae72308addcdeccf6f299ca911947d9c', 0, '2021-12-29 05:10:21'),
('847c95443b7e8c6ddd20ad61e1f023e4959c9d09d2deaee05e0e65b66f1f634b8ca6f26ae30bfb60', 'a8fccc65555c9dcaf637597b1f8cc785531015a0cbdde71b8e784feb08c47e48ed135873774bc510', 0, '2021-10-31 04:16:06'),
('8664025a703765c9f65397e8445b995462809a6a2853d6b277342e10ae941a2e01fb8cc05be22d5d', 'd349a5fc98e317314838853c22bad3de8e9c653e818db3c766f81fa778adafab1e65992cfd165894', 0, '2022-02-17 04:51:42'),
('8895e3c5a3976a3864938be09fda456a490b9194449b9058e007f69bd06439b908ed538737352620', '820da1b326e5ab724712aa110cf4fa14724d83b39e2b847cc203ba69fe53946d5cefb03ddb87ae59', 0, '2021-12-29 06:30:06'),
('88c3c136764d7b341426ab0ff7da1b67681a041e15ffc9883ba694894cbf39913a62dfdea7df1efc', '6f0a210440648966babb9b7234ea66b836995ccbc43f4b4ddb0e87b21a70fd2b40135ea6e71f8aaa', 0, '2021-11-30 07:05:56'),
('898e46a8084ede812af5a2e71643d0262409b751d8e001368cea1a4376e60e88172e24d02bdce921', '9d0f1433db409f17ceea6839e14075b8dfb0bd86744584bc1f4c99b4b3d309ac4c6eb053fae3802f', 0, '2022-02-25 07:49:09'),
('8daf5d17993552e8fa95d137ab9498f039ed762da72241a849f91c7f6e54c8da1054c6009b7176ec', '638c1a8f4b20e76f7f57c575e19b5846c5a319700c9dfdf047e54325217c12f8ddc027437291ae19', 0, '2022-03-06 12:39:19'),
('8dba6da0d6f576ffaf6b92c8996080a8482056704ea87209525837291ee6b1d180248e473d649d73', '50772e735c2df6bc70d5e79af82ff5dcd217623962a094d889ab3b7408492ef3664af1cf59c67861', 0, '2022-02-06 11:08:20'),
('906c7adb3f4a8b2d49430ed59b97da92d98e9efc52f6b61206be34baad03cd32db75013d8ad323f4', 'f3f9a89379404fd91d047a5801987a1dd6085e9fad3ca7642ed3caeaf689bdb259a4d58417d06bab', 0, '2022-01-02 05:22:40'),
('9234eeb5bf495421fbd3441a6ad1d626eae89d60e7dceb7255037888b5681baf1029249f8e413605', 'a0d69fa88cb26dd3a51bfc9089ad05e81bc135571124da031242f64681210620306dcbb79e675636', 0, '2022-03-13 06:23:39'),
('9435305fe1931f454c802ca918d8f96bd92f34a5f055b1fa027d089b07c8405251cf258017bcf39e', 'db56963d7a207ec62279be2c1ec77f0159d3d93ab0605d3c6e8f9c78d1a357f129363a95995c058d', 0, '2022-01-10 12:01:07'),
('9481528c6747094ec189450b4bb191c95c21fa1696e17ed6ff6ca76430b52c815edee330d7abe963', '71ddc1f3add3ac13dc7a527060f22494b8163d4cd6f194c2aa1221a34e46439504578ae7ec832c46', 0, '2022-02-06 05:33:14'),
('94d0660909f52a98232d4716bd4d8f00baa35701885806de97dba7c0b4fb81829bfcec8482b6f85e', '100fc9f99cf50fa8060503151b3916748c99cef21f66dc4a8bd5a43f502e67b5445a044d48a3a465', 0, '2022-02-25 05:30:13'),
('965e221b9c4b234fda6b95d2bd1c522c3a872289670689e0322027e213a0fffe5a2191093675a34b', 'b61272d57011c9be356b382c57496ced6b0bd953622732cdff968ac15be970e8402c1132eed6b1a5', 0, '2022-01-21 11:16:50'),
('96d80f7d97ffbbef079ac037ff79d41c4fe3c030058e861a38c8a699db9d2a97ad48804a50afcf90', '5187b1a95a77466720c2c38453f7c2cb96c0cbcb1c94cc00bfac1de812102fd1a1929a9d05dedcc0', 0, '2021-12-29 07:33:58'),
('970c8b03074af5675a0c05b6f737fa46956c49a23c3a1e2983b23e2a4484dba1745a369744bda966', 'e67f763eb986ba422dc9388af28c474bedbab169c25169e9d03b7ef2c677a380f53fe73c48cc2ac0', 0, '2021-12-28 05:22:06'),
('972b8f2fb8f5014af9df6c0c35d44b5969148db2d175cd045437ac5d228d38b140a8dd577617ba49', '3fd239bf19ff710198aa11179e5095e70c9567277862dca28ac50e966b32c22a4c825a056246e816', 0, '2022-02-25 05:39:51'),
('97a7b3a76d6e7bec76d1154ee6100573498b2807d33a09b396306360c6d42f56f6a708b3864100a0', 'fee28dc567e42119e7430b675a89295e752f1c87c4af7e1ea3e55fbceb95f4c83fa24aa15978cd6c', 0, '2022-02-11 07:51:51'),
('988977472783de79fa52437c5b33beb2dff222d5279c97d493caa9ffa8b39e05083cce2f847f684f', '2fd7b26789a7733904a4cb204a97d0fca3a0ac1fda248a3829afba6507398597d0f2f808fa923b95', 0, '2022-03-13 06:41:30'),
('99d4a8f127005a03cc8c0c6b0606a9a2f88650374e6515ddf736d46ad7bf30a0d4eaae8ceac306d8', '768044692623a5a167639130e6423fb2eed3125421bc9538b085941714d733d014d0b65b583cf060', 0, '2022-01-04 11:22:11'),
('9a0b8e43e1ce9650c685af3001649953333e679c8e7a5cf91407082707dfa20453423762babb4565', '158ad18a671a977b24636e62a44762d7bb72d9494dd25858d95bb893ec9e37d39a031cd6dc7e4863', 0, '2022-02-06 07:05:16'),
('9a49a981cdfd1182b20d76c29334980c289b0c0fb2d6d249a74589fdfc1e049187c482fdd3866b79', 'ef426d94f1916791607826dc32b29c939133df6de736e583587b25004a000933bd5621134fe9e507', 0, '2021-12-29 07:00:06'),
('9b0aa88ef90ec191abdff8590b5d115c5f419a56b018a5e46bc54ad15fb79a04463624a96ed31c39', 'd6e4b92675e6c0169fbcbdc6ef7b66dd88d2d59e4daee5f054d93b470581a702c2ee8db40aae6fdb', 0, '2022-02-25 05:51:31'),
('9bad1a5cb7de2e432ff1410805e20c60f3e62db73b39f346d2f75552d7067871a898e650da4f8503', '8bf214d7f57131d79ca5f197b46ac12002447f4c583609c89502c070c5b07b16b508f023afa4ae69', 0, '2022-01-04 10:58:40'),
('9c24a0407c47657170853820fd56222181429a58f57d8ced1789e4094e2e9a460eb48abe33ce09be', 'f92e9c95eefe8e325a75ff44057d5098462482fb713a63f4a31d1d5067c5ba3057e55f9c477ddc37', 0, '2022-01-04 12:08:14'),
('9de90ade637bcd638fae7112b9989f2b1f291cebab175c3614a709ca349cd59ba80a4a39312184d3', '3ee12455da6a82a73d48b8ac0c865f78ab611722ed3beeb982031b583975e88911b218c8c83aaf78', 0, '2021-12-29 06:01:38'),
('9eb4f812928033ee89b088ddb6233fa9841ce6e66e99d2f0da9c2ea4704ff372b7415c0f1c8dcebc', '1432c2028a88394bf2d7fcb3b5367f4ce12e49b9447e3f6962d525f82210bcd00a47962362e383ca', 0, '2022-01-27 09:20:00'),
('a07064ba6640988ca775c61d840a225c4a1081d7167bf8e1c76a1a7132ce33b4dbc8bf67af676fdc', '8e15dc2a751d88f125045a649efcca2a936b5717263a4c76a5684d873bd6633eb3399ea38f006194', 0, '2021-12-28 17:24:19'),
('a07df2b8436ab1fc603c6c760e4599bfd9ffeae00c8a50864e8a28045ca392e80d59caa9771d18f2', '86671de02661245180896fe756f9e1eeac99bdbe190024de5f3bd41377e1833fd87ea27ac4feedc0', 0, '2022-02-27 08:13:50'),
('a64b89f906ed0d0bf0e9e95fae0b61bc991e8fca7e737b4d60266a7e33ffc31d309913ef5eb5d416', '8b19ace74aefb8e158fe6a31c809269f92e13ec26781334ab8e0b84de7faadbffa120d955e8f6132', 0, '2022-02-25 05:38:17'),
('a792f7a4bce6b0ecf99d54a844c6c153727be6b4b1a2053365f6dc13a8dc7963c346dd9af68c936b', '560fe434da4eba26e466ad3b11fccddc851676987755d3677d9188aad3c92c10abaf836873204042', 0, '2021-12-29 07:34:42'),
('aa0c327a8025cfe4773f4d0e169f83bff73f98bbe4417644d982ee02155d11b873871473f6736882', 'f56c4c37de18f69d4fadc65a891822ca9ae260fa73c1575d6cad519321ad532a5a5e929b25a3cd07', 0, '2021-10-27 11:33:04'),
('ab3e19c06f30ddc3cca14be70e9056e3693b465684da0cfa8fd4247776fea144d4a8a634ca73ff20', '770e0aabe32fb615b54875a03436d5321c3eba5a170baf3c203a13a39456c44b326bd0a01dcf6369', 0, '2022-02-25 05:57:02'),
('ad59df68d1b82133c950661242daea50305ac54d5c194c047d1eb41fc507b90699d450a99b4f361f', 'ecb4b819086725c99bc51b3124127224adfeff481d2a2e2e5b83ceb75631d4f3c5315afe96f7e127', 0, '2021-12-29 06:27:33'),
('af4d1c29df9f39af46dc0a688463c1a51ece280d865378204085b94bf53588987ad5ab94cbdff01f', 'd2949626d201e1983a788ad316285c2699732c2a8f104693208b2d2bf0bc0bc00831dcd1caa93562', 0, '2022-02-25 05:46:23'),
('b11e88f9339555e94ba44552d8963a42c24fb60e6b7aabbab5b2be1f0898398959bd09e2d05085af', 'd43689a061c028be4502f3267c7fa94a3535a38f6874ac3c20fbae32d6b77468e6671ecbb306817e', 0, '2022-01-02 04:24:54'),
('b3eae141d6692666e195f326fe75c0fc9ee2a4f463440480d22518afae41805568f810d16bbdbcaa', '7d99a6dbf3b6379e2b77e5fcf6de5c723121111c3ba8e54fcff90ad1d1d51a200712a66e5c2d3dcd', 0, '2022-01-06 10:14:43'),
('b45b8fa727789f8c2dbc5b9948dfc59c684e64523e772ae39411cffa676b12e03eb7edbd54d4fd48', '589f5f2047b51078809fdee4c3c212ae3ea0b05ebf9fc54345fbf48b91c5cceab3467620910a619d', 0, '2022-02-25 05:55:16'),
('b4f28ad2146038a6a18b8f2556da5901985af7715b60430f5ea71c29703a65f8b046db8d517e22b1', '4d2c2621bae7b2a16029257da811f08246af84a86b5aec032bcd4daf9640e4a9c22bff671d379215', 0, '2021-12-31 04:26:47'),
('b58ebac8af0d1ed3790bc71b0c50790211f63182547f4e4315393963e4c009eee65df9838f3035e9', '00381288df4b7700a149ea454ce5caec9f04c147c1ef1e2659564123b90ba30cd268741970bee300', 0, '2022-03-03 11:49:39'),
('b63c3a4b5701ff4b4963be240b16fc5717e9660b4c9feb269eccc02a0d8e5ae1c669892689248c73', '70581fd06f20f22a3272f3633775a128ef4cff16dde83762ec6c160ae2752c221b996fb05e3c44c3', 0, '2021-12-28 11:01:06'),
('b7146543a5a38296fca4a8fbdcf1fb4add5cb8f695c65519ff9fae6c562395626baa7ed131f06a30', 'cddebf7d9bef2628b2580c78d6801ade1f18130954c10b9afbfda09177b7255f1addc3aac020c6a9', 0, '2021-11-29 09:23:22'),
('b9775a136e4257c41dc1740e56da242d68371d98fcd11a3d1fb48bbe3f9fc1e8cbf825d7d67bbcdd', '8920de56b01788d706413064100a103627d0ef70ea244165a37332469f307032820221ac10a44127', 0, '2022-01-27 09:36:02'),
('bb60bdee77d075a3a44b47ef295f2e340974425aff79100a4f4ba62828d3c1c90befc30de5b4dafa', 'f8c4b8a679897eec860e08948667d3c2de033f7ac4c86535c49b63dc7e79ebb988be9c1c3b442c61', 0, '2021-12-29 06:28:27'),
('bbda2e53bb45931f099b321b88148d35a65913db0bf5673edcaae4b0279f099856b3e5ff37373165', 'a969874727d1bcf554fee552068dbdec3f0521e04ddf0b5cb986e85640bab1bb7ac535a8e9b6f5a2', 0, '2022-02-25 05:27:16'),
('bcc477c7ecf5bdc2da6549ffc2602be6d6eaba9b6c4fe8eb9f77704f21ef3412841ee31eba877171', 'd5164e2ffc54be34033a7aaa684b68471e41ba2cdba0d93f02007e1fc184f3be6287af736cf08058', 0, '2021-11-08 05:45:33'),
('be87330de120a88979fccdb1f03da837ed3f307ac99de8e0559ef6b378dbc974366c5f29b2e0f152', '9b06ca8a0dd036c680310bd0d78c2cd68fe75df099507aa99234ac14f193a2fba0f3a17dd0f45595', 0, '2021-10-31 07:49:58'),
('bf89db058d899f7724f2af824e48cb397c78b6adb58549e50a423ad960f3797dab723420e1c3f93f', 'bd9dd9ef099911ef3a65d08b6ab04ddb5c3dbddf0ac7dcbadcf457d9b3339414cb6f8ab487b45861', 0, '2021-11-01 11:20:15'),
('c07b9a0e73a91a90c86126f78d046f07ba3a3f238fd92e77065c34835a5e0e6b483cd18bd771bce8', '5f744673b1ffa3897805d4c497b7473b9ff8e7444c618b4c2eeee27f5c083e797645405b10b0f5cb', 0, '2022-01-09 05:28:41'),
('c0a2f1b4ca89dd7e90db87450d70057ba03975468b4d6b2270752830d16bd31a0c77e4d0b2525c93', '0aa975e68310eec77bec6fc34eef27f701439092914050f4b77a78f49f4ef06082d8f27c698a3e1f', 0, '2022-01-04 11:35:19'),
('c0c4cfe18cb6bfd554cbba041094d9e2e833aa6b84056f2776537bf065f43a6f125cbfc675096ca1', 'bb0292ceceb51f4daa3fec0e50156f126b56f169a7584b744d10bc53842c47412d46ffb7d4c48f5b', 0, '2022-01-04 12:09:55'),
('c1907c24d76ab545e447e3d53422d1c584955a1de81b2c53d777f9a5a5d4d20256d67d6e3712bdd1', '5f9a2db6a2784b0b5ddaec327037cb222edbad62ac2ce941a64b62e06620e486ee67a4398831bff7', 0, '2021-12-29 11:23:45'),
('c1e6a688607499a46cc6c59457b9a511084c8aa81cfbed20bf84a1d448dba168df23e6a8ff1f1a68', '1c6cbfeb0dd2b51a69aae25081216f5a7fb9a41f1b2971d3d130dbb6916c14548e6bb298f7824133', 0, '2022-01-04 12:10:48'),
('c678bd87316d069fdedf1a6099d4bbd5e37963fb119efeaae7ff5b5572a1ab7cbe1558af3defef17', 'dc19bb3bd03ca351e991a2c166b5c84cc0dc7beacdd983f2932fd4545cf9ee965fcf012e76b6f8e1', 0, '2021-12-29 08:17:54'),
('c729a9b00fd943a939973e713931c192a3545db6d617432c3dd590a6f37dd6550e8a76b3e5ec5521', '118c0dce8f34827bc09eeeea2e0a859a45d3c0ada2a6e23cb9ccebc14b417cf0f3844cbe4421e849', 0, '2022-02-25 05:23:38'),
('c740cd31491dc0e577423d4bd5e7a1459bba01046b161737692808836903e27a694780fa5baae121', '54f43454c802c32a2a2fc1f015e40736aba7c9061e764c21d1dc7b2808d6026fc496757381f288db', 0, '2022-01-10 11:46:57'),
('c7dd884a11e78e67e6a6d38d2d2ce455f470153f141d796d0ceff97780dd90d7ce01d617cdd11363', '140675d6b2145b50013f710faab33407d8740c155f069d60c095c4d990269f99e62a3c0d0b48e694', 0, '2021-12-28 11:10:32'),
('c8754528b9f96d0ed1c4fbf04f124e45c561de5095b3fac722c96b3c8515cf6b20f24d86e0d155ae', 'af761958ee2304bd8701e175b32e9ab0c472812f12a3b4a50fe1fa4b56aa14ef1b0d1f6b8347b4be', 0, '2021-11-30 07:36:20'),
('c8f20d48b19a71fb403a5611addb4509d3d422b8daaf42b8f50013cb70a7e173735d5754235b8a09', '6130d273648fa05cd1444b12f59b1213a8e07433e1e5cd3e451a22922f54505ee39aa7220948eb56', 0, '2022-03-08 08:31:39'),
('cac4572d788dcd44f06425b55a844dfdcadfb963de254d72a269ee0d8178e78312a87886b58f8d17', 'b82126a24934822a06c82afbfcf4ce23dfa26bdadb40868e97278420b2211ef9868936a6825378a4', 0, '2021-10-31 08:12:30'),
('cc016280bd884dc03c4ffaac8878973bd02e9e12edc1edc298a517659d905a61e68afe9708e20ee1', '227f2104c25de2d244fb2a564412958ca80330a5937801bcce2b6cbc80b9e5037c56d0388d29bf7a', 0, '2022-03-10 12:00:58'),
('ce04a09d3c416839d1136092d9afc763298ec0241d4c0002b5b0af86686ee696ef6d76a68de6a937', '5ecce7c893e3ee5f0a33257ba435be51ed576494416f992971d58adb8901b10c82ac2ca5539e9839', 0, '2022-02-20 10:26:42'),
('d1523b2965b89b06da05643cfbc960f041a95171048abc549ffbedf1df657f3d05a9f82fd695ff35', '57331e357fedc43a00765b9a6b60b43db8fc6d9300ae8b02d4ac9f04ac6a418f437f94540bb3b0b0', 0, '2022-01-07 11:20:03'),
('d281eb8c9a727fae7cc135cd61ede445880508e48e36f723000011c7b28b066048739867ed2d9652', '76c40c91a1dccf6cc97f941ecbc5ca3294207549fb7b9d74e8e2f94678e0234c2fe2eecd373f7bf6', 0, '2021-10-27 11:29:46'),
('d3236242c5ad5c3f4d10b631e4bc953cdb36e0c0e1cd2c284e4880b6b9e8398f19fddee8d48a79da', '4e5da9b603343ee03bd8b7b54d6a1363ad6d33414a560da5d23571e2d628c1f7ec658a2e2d1c7fbb', 0, '2021-10-28 10:47:20'),
('d4a0a1301d02f122e04c73a577cda9b7a2d52441d1306124002190dff186e96e34d9ee8cd028a790', 'edd85e2d3583d9b70ad21cf490389f71941ef20292874646f6530f50d2d8952043c804d264735892', 0, '2022-01-05 04:17:34'),
('d71c9504a78cbc69ec4b1b6600812c501dd98a7b76ded6602c3d9c208fe7c6750233b3fde3335b10', '0356fd455d42df6c80a06db4da215c53c71f5976d0ba85c1a6cf0ef62329085bde2b488ad00b652b', 0, '2022-03-13 06:41:41'),
('d72f97142765308470be56809eb449249e39150bf644e4ba6091dea971b23403d79536da85287062', '4a02fb42b82923c58a098b72d1b59b1f64fdb147177149a108f4ee6390bd0f99c449862dcc11743a', 0, '2021-12-28 05:23:48'),
('d84861768e7c4d2bbb48ec60930f6d8bc6f141035ef529b12064149ffbbf162599ca764c4bd7421d', '98d76e3540f94c10176f2c2304345d2828cfa5a14a290b3cb25f52c6500c07797d0f8d8192b2b15d', 0, '2022-02-21 07:35:42'),
('d8bb2dbb31ddb7a7377e932a289ea09d369c74f4398878fcef5ff545dccbf1964ebc8de86fb41f2c', 'f09b7895dbd228190b0616ee0deb247ca3c8f8eccaa348c8e637ec6002b99dc2f4ad5f902f9472f1', 0, '2021-12-29 09:24:23'),
('da3f2157fe206cc203783d0679e482191743b035420b0c05eecd80fc3a45ed09b59298326f43130c', '27c6d3729492af1c8f897310bc6ce2b7e1012044ca51a4113c346d8681ab211cb2d2f1e67478e180', 0, '2022-01-04 11:45:59'),
('dd04577a7a25a45709ce1f36225ee78632206054a28c8ec69aa5e753b325bfbdaf3a69be34b4f216', '1f9f3d935214370d0daf3942d1c0f6e0d3af1f5597a30e67252342a3efb9f1b12f881ec3f7852301', 0, '2022-02-25 05:47:46'),
('dea1e6b60260d1011320ce3388d749894a20c399398031bdeb9b731750b68e8603eea6924a67deea', '5c6c8861a194b470f1ad5a1e5fa2bc30daca14db7124a1f2a5732232625d213a4698ab558ad50bb0', 0, '2022-01-07 11:12:32'),
('e0a56b52051cfa85cb4cad49ebad72eb22979f314b156dd0a309cbbc75a64dad7cf07b6c7341d9f2', '55a3a8f159870eada926262676db90ec2645544115a6d662976f6bc309159815a29262be78e163a2', 0, '2021-12-28 11:09:47'),
('e0b7c0edcc820d152f60d08492c0a386a67cd496e786598f887f2e0cb9418dbdad2adc00e542f53c', 'd7700f7b3df5279f7d684f317f5395f1f18e2150c7becc2a491603947f0616c3ab6258329ec8b5c0', 0, '2022-01-19 06:06:49'),
('e13399e9ef3d95452ff90cd0ca4616e4171af0c87585755bbd7c32432bc1969500a52df729043fe9', '58365118172d474d6fd853ee0cfcfa78a85cf33984cc62cf724cb813cdd9b4b031fe953ef6bce9c0', 0, '2022-03-03 11:52:54'),
('e296df6bdaf2baacd4472686f1d0fdb327a6500763a14a2e922c8409b9ad16971486239f42a9d8ad', '2fe9a788612d80705dbb7c576b26997c31834045fed5959bbc5bfe3c205f1bfd8d31057106c24678', 0, '2022-01-10 04:41:08'),
('e29b97f9496c2feaac49858843d21c7f935802052270fdf3934647332780360c7b6f3bd140a4a9d9', '8b5d46551b4dd245cfe3c1ea5cea19c8aff4cc4e31fa9992e487a989a47620f58bcd7099d8ce90a3', 0, '2022-01-07 07:46:49'),
('e2eee133333702ebc528b2c03c9291321b5a046d7b0b33e33feb6d4ef301e3d65be4355b2a6c2903', '945c52b210d2a5edba2397f95834b611402c3e975e581f7a0c3ee26b2b5812cdfe2513ff092ec947', 0, '2022-03-23 11:08:42'),
('e36567084822aba9a706266b9abe5db706da208f8c036e8d3a97c8b4a23325cbb754f19c42a94bf7', 'f3bda9a01b148c6b6c8378a90b4bc18b2d28ad8f04b4bdb7831600ace1548086983a4cb73aea4592', 0, '2021-10-27 09:51:09'),
('e367fdf3d8cf9b3baf9f15cd3b3959984bafece545b6e485a2af88ec1893c7c2a8d4cee733b50588', '5bf3f5eb3b5753851afa6a520db9d6a670934793d608c35041ac7e0e13f93f9174c1b2291ca8031f', 0, '2022-01-21 09:47:47'),
('e3be7a3fe1f821a98a193947d4229622efa16f4e0aa3bc462994d6019f84f207bc33c08f22cec331', 'c593693219a30d185e2286e5bac1b728c9e8a478b830fc16269d2ca49af5ba1c7fd84de6436e6578', 0, '2021-12-28 07:44:28'),
('e6ebd3f1aec59626f0e3a6a52f5975623491950a4fce6d2374b2abbb80c18fc3f526a810faef9f83', 'a1b95ab9497d7c0c3f99e49155c1a8f864ad9fa7b458b4a85563d058ddb0c322bb64609cb7a5f0e2', 0, '2022-02-25 05:51:14'),
('e788308f9bd94b24dfb6ad1d9f3a6b3a33541f925bf63f010637fa1c4f52cfd0044d0e1d8b0df53a', '2fefc728fbe09b371cac47bd0422cb65182fac17ced893f7dd95ec91649e84f773f7759940827051', 0, '2021-10-27 07:10:11'),
('e859841df069aa58342ee5daa39a14cdbffd344f22144f1da834050d305e3bfa05d31d74b7081ad8', 'f4c5685b1caac71788d7dc55f31c62a6671499d4a7650709b909b11b7b3e9610b7d9e1708a7a770c', 0, '2022-02-28 11:02:39'),
('e963f8c7916b2a747ff2fd1883aabd02c9ecfb05ee614ef098aa94bee3ab412cbde926450faff1a1', 'd3ce7f4a9f450131a129ebb1ac750dda2a0f09d026d3788cf26db45d9d3511a75e3b6d91eb25c600', 0, '2022-03-06 11:43:49'),
('ed021651f68c70730e95b69c6af2c570ccaff16194ffbf6876c3f946eac29572257cb29f1720e1a9', 'ef8f37e604a153a2eaeb4002ae2cdf12b11b0b0e51894364ad2d8a27b797ee61c40fc78ab146ef6a', 0, '2021-10-27 11:26:51'),
('f334828f30a2f3e975fe0fbcb7014d4ea811b473bc553e36dea9c8704cd01b203b0ed8511a55ba5b', '3d7b74117b66b6dd48f0a03b0ecd4715f0d137bbf1ff40db3e05998ce6da5693e0d8303bcb5410b4', 0, '2022-02-25 05:41:10'),
('f47e87bedfa344c25bafdabba8bf00e37f1d2ff9033a746fb82a93a957f8ba71c363dfb064a17c92', 'c6fc955f758b875e17b25859ca91fe7cde3099d0fc47d6d9b6a894d0ee5f5907c2ce9bd2f9bcef93', 0, '2022-02-27 10:02:29'),
('f592f6f5159f328c33567203d067863b51accb1d27240b2dea89007c381817c613bcfb072ecf1f65', 'e827f264e5848ebec42679926491f34ef2ab9d3a549dada1f65abbdf981befdacb0e2e151cf90491', 0, '2022-02-25 05:52:19'),
('fac48e6e0c60957d02794ab0321e08f643b3902587939a76bda330c46574c654f07cc3db1d914daa', 'cd2a387e0bdaecacbe11120cb44b7427b7b54c4a311893a2c15a3f3e966f7fac882d96542685acea', 0, '2021-12-28 11:43:57'),
('fb2ff2e4a003f804a1dd2bcbdf31ed928ccf76b24467668eb87574822a3ba0e1750ea3a9c314e7b4', '0fcf01b05c34dc02fae22a4b93f7f3e64eb5a1b5096ecb52be41d8c0c82c239fddd27c5455a0d163', 0, '2022-02-27 05:02:20'),
('ff8b7760bb6354613a4d6c7ad7a58f3d0941f434eece999ec320d8fb1269a2d8f5629032e8b74a3f', '064bcd8db8d18287164d10a8cc13e6b8e488a3ff9ee97f2386401671ff694cfce863a5f4bc249df1', 0, '2021-10-28 04:56:36');

-- --------------------------------------------------------

--
-- Table structure for table `operations`
--

CREATE TABLE `operations` (
  `id` bigint(20) UNSIGNED NOT NULL,
  `title` varchar(191) NOT NULL,
  `formula` varchar(191) NOT NULL,
  `description` varchar(191) DEFAULT NULL,
  `created_at` timestamp NULL DEFAULT NULL,
  `updated_at` timestamp NULL DEFAULT NULL
) ENGINE=InnoDB DEFAULT CHARSET=utf8;

--
-- Dumping data for table `operations`
--

INSERT INTO `operations` (`id`, `title`, `formula`, `description`, `created_at`, `updated_at`) VALUES
(1, 'A1 - واحد اصلی', 'واحد اصلی', '-', NULL, '2021-01-03 05:26:29'),
(2, 'A2 - واحد فرعی', 'واحد فرعی', '-', NULL, '2021-01-03 05:26:24'),
(3, 'A3 - واحد اصلی + واحد فرعی', 'واحد اصلی + واحد فرعی', 'تبدیل واحد اصلی به واحد فرعی', NULL, '2021-01-03 05:26:19'),
(4, 'A4 - واحد فرعی + واحد اصلی', 'واحد فرعی + واحد اصلی', 'تبدیل واحد فرعی به واحد اصلی', NULL, '2021-01-03 05:26:11'),
(5, 'A5 - واحد اصلی + ثقلت + واحد فرعی', 'واحد اصلی + ثقلت + واحد فرعی', 'تبدیل واحد اصلی براساس ثقلت به واحد فرعی', NULL, '2021-01-03 05:25:06'),
(6, 'A6 - واحد فرعی + ثقلت + واحد اصلی', 'واحد فرعی + ثقلت + واحد اصلی', 'تبدیل واحد فرعی براساس ثقلت به واحد اصلی', NULL, '2021-01-03 05:25:58');

-- --------------------------------------------------------

--
-- Table structure for table `participators`
--

CREATE TABLE `participators` (
  `id` int(10) NOT NULL,
  `proposal_id` int(10) DEFAULT NULL,
  `name` varchar(191) DEFAULT NULL,
  `same_dificult` varchar(191) DEFAULT NULL,
  `statement` varchar(191) DEFAULT NULL,
  `feyat` varchar(191) DEFAULT NULL,
  `offer_price` varchar(191) DEFAULT NULL,
  `discount` varchar(191) DEFAULT NULL,
  `final_price` varchar(191) DEFAULT NULL
) ENGINE=InnoDB DEFAULT CHARSET=utf8;

-- --------------------------------------------------------

--
-- Table structure for table `password_resets`
--

CREATE TABLE `password_resets` (
  `email` varchar(255) NOT NULL,
  `token` varchar(255) NOT NULL,
  `created_at` timestamp NULL DEFAULT NULL
) ENGINE=InnoDB DEFAULT CHARSET=utf8;

-- --------------------------------------------------------

--
-- Table structure for table `permissions`
--

CREATE TABLE `permissions` (
  `id` bigint(20) UNSIGNED NOT NULL,
  `name` varchar(191) NOT NULL,
  `guard_name` varchar(191) NOT NULL,
  `created_at` timestamp NULL DEFAULT NULL,
  `updated_at` timestamp NULL DEFAULT NULL
) ENGINE=InnoDB DEFAULT CHARSET=utf8;

--
-- Dumping data for table `permissions`
--

INSERT INTO `permissions` (`id`, `name`, `guard_name`, `created_at`, `updated_at`) VALUES
(1, 'مدیریت جامع', 'web', '2021-02-03 05:23:41', '2021-02-03 05:23:41'),
(2, 'مدیریت تانک تیل ها', 'web', '2021-02-03 05:54:03', '2021-02-03 05:54:03'),
(3, 'مدیریت اجناس و محصولات', 'web', '2021-02-03 05:54:03', '2021-02-03 05:54:03'),
(4, 'مدیریت گدام ها', 'web', '2021-02-03 05:54:03', '2021-02-03 05:54:03'),
(5, 'مدیریت انتقالات', 'web', '2021-02-03 05:54:03', '2021-02-03 05:54:03'),
(6, 'مدیریت راپورها', 'web', '2021-02-03 05:54:03', '2021-02-03 05:54:03'),
(7, 'مدیریت مصارف', 'web', '2021-02-03 05:54:03', '2021-02-03 05:54:03'),
(8, 'مدیریت کاربران', 'web', '2021-02-03 05:54:03', '2021-02-03 05:54:03'),
(9, 'manage_contracts', 'web', '2021-02-03 05:54:03', '2021-02-03 05:54:03'),
(10, 'مدیریت آفرها', 'web', '2021-02-03 05:54:04', '2021-02-03 05:54:04'),
(11, 'مدیریت فروشات', 'web', '2021-02-03 05:54:04', '2021-02-03 05:54:04'),
(12, 'مدیریت حساب ها', 'web', '2021-02-03 05:54:04', '2021-02-03 05:54:04'),
(13, 'مدیریت معاملات تجارتی', 'web', '2021-02-03 05:54:04', '2021-02-03 05:54:04'),
(14, 'مدیریت ذخایر', 'web', '2021-02-03 05:54:04', '2021-02-03 05:54:04'),
(15, 'مدیریت خریداری ها', 'web', '2021-02-03 05:54:04', '2021-02-03 05:54:04'),
(16, 'مدیریت آرشیف', 'web', '2021-02-03 05:54:04', '2021-02-03 05:54:04'),
(17, 'تنظیمات سیستم', 'web', '2021-02-03 05:54:04', '2021-02-03 05:54:04'),
(18, 'تنظیمات مشتریان', 'web', '2021-02-03 05:54:04', '2021-02-03 05:54:04'),
(19, 'تنظیمات فروشندگان', 'web', '2021-02-03 05:54:04', '2021-02-03 05:54:04');

-- --------------------------------------------------------

--
-- Table structure for table `projects`
--

CREATE TABLE `projects` (
  `id` bigint(20) UNSIGNED NOT NULL,
  `serial_no` int(11) NOT NULL,
  `proposal_id` bigint(20) UNSIGNED DEFAULT NULL,
  `contract_date` date NOT NULL,
  `contract_end_date` date NOT NULL,
  `project_guarantee` bigint(20) NOT NULL,
  `status` enum('A','B') NOT NULL,
  `user_id` bigint(20) UNSIGNED DEFAULT NULL,
  `deleted_at` timestamp NULL DEFAULT NULL,
  `created_at` timestamp NULL DEFAULT NULL,
  `updated_at` timestamp NULL DEFAULT NULL
) ENGINE=InnoDB DEFAULT CHARSET=utf8;

--
-- Dumping data for table `projects`
--

INSERT INTO `projects` (`id`, `serial_no`, `proposal_id`, `contract_date`, `contract_end_date`, `project_guarantee`, `status`, `user_id`, `deleted_at`, `created_at`, `updated_at`) VALUES
(1, 101, NULL, '1399-11-11', '1400-03-04', 36000000, 'A', 15, '2021-03-13 12:38:55', '2021-03-02 16:35:50', '2021-03-13 12:38:55'),
(2, 102, NULL, '1399-10-15', '1400-04-15', 1400000, 'A', 15, '2021-03-13 12:38:52', '2021-03-06 17:09:42', '2021-03-13 12:38:52'),
(7, 103, NULL, '1399-09-11', '1400-01-30', 950320, 'A', 3, '2021-03-13 12:38:48', '2021-03-08 16:22:50', '2021-03-13 12:38:48'),
(8, 104, NULL, '1399-09-01', '1399-09-30', 116375, 'A', 3, '2021-03-13 15:59:31', '2021-03-13 15:12:44', '2021-03-13 15:59:31'),
(13, 105, NULL, '1399-12-23', '1399-12-23', 222, 'A', 3, '2021-03-13 15:40:35', '2021-03-13 15:25:34', '2021-03-13 15:40:35'),
(16, 108, 9, '1400-01-05', '1399-09-30', 1016375, 'B', 3, NULL, '2021-03-13 16:11:49', '2021-03-25 15:07:17');

-- --------------------------------------------------------

--
-- Table structure for table `projects_step`
--

CREATE TABLE `projects_step` (
  `id` int(10) NOT NULL,
  `step` tinyint(3) UNSIGNED DEFAULT '1',
  `project_id` int(10) DEFAULT NULL,
  `is_ekmalat_allowed` tinyint(3) DEFAULT '0',
  `mactob_sending` tinyint(3) DEFAULT '0',
  `adminis_prove` tinyint(3) DEFAULT '0',
  `finishcontract` tinyint(3) DEFAULT '0',
  `statusActive` tinyint(4) NOT NULL DEFAULT '1',
  `setting_and_baqyat` tinyint(3) UNSIGNED DEFAULT '0'
) ENGINE=InnoDB DEFAULT CHARSET=utf8;

--
-- Dumping data for table `projects_step`
--

INSERT INTO `projects_step` (`id`, `step`, `project_id`, `is_ekmalat_allowed`, `mactob_sending`, `adminis_prove`, `finishcontract`, `statusActive`, `setting_and_baqyat`) VALUES
(1, 5, 1, 1, 0, 1, NULL, 2, 0),
(2, 5, 8, 1, 1, 0, NULL, 2, 0),
(3, 5, 13, 1, 0, NULL, NULL, 1, 0),
(4, 5, 16, 1, 0, NULL, 1, 1, 0);

-- --------------------------------------------------------

--
-- Table structure for table `proposals`
--

CREATE TABLE `proposals` (
  `id` bigint(20) UNSIGNED NOT NULL,
  `serial_no` int(11) NOT NULL,
  `publish_date` date NOT NULL,
  `publish_address` varchar(191) DEFAULT NULL,
  `submission_date` date NOT NULL,
  `bidding_date` date NOT NULL,
  `bidding_address` varchar(191) DEFAULT NULL,
  `offer_guarantee` int(11) NOT NULL,
  `offer_guarantee_type` varchar(10) DEFAULT NULL,
  `same_pro` varchar(100) DEFAULT NULL,
  `deal_value` decimal(18,2) DEFAULT NULL,
  `financial_power` decimal(18,2) DEFAULT NULL,
  `receive_office` tinyint(1) DEFAULT NULL,
  `bank_distribute` tinyint(1) DEFAULT NULL,
  `status` enum('income','normal') NOT NULL,
  `step` tinyint(3) UNSIGNED DEFAULT '1',
  `user_id` bigint(20) UNSIGNED DEFAULT NULL,
  `created_at` timestamp NULL DEFAULT NULL,
  `updated_at` timestamp NULL DEFAULT NULL
) ENGINE=InnoDB DEFAULT CHARSET=utf8;

--
-- Dumping data for table `proposals`
--

INSERT INTO `proposals` (`id`, `serial_no`, `publish_date`, `publish_address`, `submission_date`, `bidding_date`, `bidding_address`, `offer_guarantee`, `offer_guarantee_type`, `same_pro`, `deal_value`, `financial_power`, `receive_office`, `bank_distribute`, `status`, `step`, `user_id`, `created_at`, `updated_at`) VALUES
(7, 103, '1399-12-04', 'روزنامه اطلاعات روز', '1399-12-24', '1399-12-24', 'وزارت زراعت', 220000, '1', '3400000', 5700000.00, 1500000.00, 1, NULL, 'income', 1, 3, '2021-03-13 13:43:09', '2021-03-13 13:43:09'),
(8, 104, '1399-12-12', 'روزنامه آرمان ملی', '1400-01-04', '1400-01-04', 'اداره ملی حفاظت و محیط زیست', 233000, '1', NULL, 0.00, 0.00, NULL, NULL, 'income', 1, 3, '2021-03-13 13:53:32', '2021-03-13 13:53:32'),
(9, 101, '1399-07-22', 'روزنامه انیس', '1399-08-28', '1399-08-28', 'اداره امور', 1000000, '1', '2', 0.00, 0.00, NULL, NULL, 'income', 1, 3, '2021-03-13 15:54:26', '2021-03-13 15:54:26');

-- --------------------------------------------------------

--
-- Table structure for table `proposals_step`
--

CREATE TABLE `proposals_step` (
  `id` int(10) NOT NULL,
  `res_person` varchar(191) DEFAULT NULL,
  `is_recieved_cont` tinyint(2) NOT NULL DEFAULT '0',
  `is_participated` tinyint(2) NOT NULL DEFAULT '0',
  `prop_recieved_or_allow` tinyint(2) NOT NULL DEFAULT '0',
  `winner` varchar(191) DEFAULT NULL,
  `proposal_id` int(19) NOT NULL,
  `step` varchar(10) NOT NULL
) ENGINE=InnoDB DEFAULT CHARSET=utf8;

--
-- Dumping data for table `proposals_step`
--

INSERT INTO `proposals_step` (`id`, `res_person`, `is_recieved_cont`, `is_participated`, `prop_recieved_or_allow`, `winner`, `proposal_id`, `step`) VALUES
(1, NULL, 0, 0, 0, NULL, 3, '2'),
(2, NULL, 0, 0, 0, NULL, 8, '2'),
(3, NULL, 0, 0, 0, NULL, 7, '1'),
(4, NULL, 0, 0, 0, NULL, 9, '2');

-- --------------------------------------------------------

--
-- Table structure for table `pro_data`
--

CREATE TABLE `pro_data` (
  `id` bigint(20) UNSIGNED NOT NULL,
  `proposal_id` bigint(20) UNSIGNED DEFAULT NULL,
  `project_id` bigint(20) UNSIGNED DEFAULT NULL,
  `client_id` bigint(20) UNSIGNED NOT NULL,
  `title` varchar(191) NOT NULL,
  `reference_no` varchar(200) DEFAULT NULL,
  `pr_worth` bigint(20) DEFAULT NULL,
  `deposit` bigint(20) NOT NULL,
  `tax` bigint(20) NOT NULL,
  `transit` bigint(20) NOT NULL,
  `others` bigint(20) NOT NULL,
  `discount` int(10) DEFAULT '0',
  `currency_id` bigint(20) UNSIGNED NOT NULL,
  `total_price` bigint(20) NOT NULL,
  `created_at` timestamp NULL DEFAULT NULL,
  `updated_at` timestamp NULL DEFAULT NULL,
  `company_id` int(11) DEFAULT NULL
) ENGINE=InnoDB DEFAULT CHARSET=utf8;

--
-- Dumping data for table `pro_data`
--

INSERT INTO `pro_data` (`id`, `proposal_id`, `project_id`, `client_id`, `title`, `reference_no`, `pr_worth`, `deposit`, `tax`, `transit`, `others`, `discount`, `currency_id`, `total_price`, `created_at`, `updated_at`, `company_id`) VALUES
(11, 7, NULL, 22, 'دو نوع تیل دیزل و ‍‍پطرول', 'MAIL/PD/NCB/G-4/1400/Rebid', 0, 0, 0, 0, 0, 0, 1, 0, '2021-03-13 13:43:09', '2021-03-13 13:43:09', 2),
(12, 8, NULL, 70, 'تهیه و تدارک سه نوع تیل', '0', 0, 0, 0, 0, 0, 0, 1, 0, '2021-03-13 13:53:32', '2021-03-13 13:53:32', 2),
(19, 9, 16, 1, '۹ قلم روغنیات', '5000', 20327500, 10, 2, 10000, 1450, 0, 1, 20327500, '2021-03-13 15:54:26', '2021-03-25 15:07:17', 1);

-- --------------------------------------------------------

--
-- Table structure for table `pro_items`
--

CREATE TABLE `pro_items` (
  `id` bigint(20) UNSIGNED NOT NULL,
  `project_id` bigint(20) UNSIGNED DEFAULT NULL,
  `proposal_id` bigint(20) UNSIGNED DEFAULT NULL,
  `item_id` bigint(20) UNSIGNED NOT NULL,
  `unit_id` bigint(20) UNSIGNED NOT NULL,
  `uom_equiv_id` bigint(20) UNSIGNED NOT NULL,
  `operation_id` bigint(20) UNSIGNED NOT NULL,
  `ammount` bigint(20) NOT NULL,
  `unit_price` bigint(20) NOT NULL,
  `total_price` bigint(20) NOT NULL,
  `equivalent` bigint(20) NOT NULL,
  `density` float(20,5) DEFAULT NULL,
  `created_at` timestamp NULL DEFAULT NULL,
  `updated_at` timestamp NULL DEFAULT NULL
) ENGINE=InnoDB DEFAULT CHARSET=utf8;

--
-- Dumping data for table `pro_items`
--

INSERT INTO `pro_items` (`id`, `project_id`, `proposal_id`, `item_id`, `unit_id`, `uom_equiv_id`, `operation_id`, `ammount`, `unit_price`, `total_price`, `equivalent`, `density`, `created_at`, `updated_at`) VALUES
(9, NULL, 7, 4, 3, 1, 2, 0, 0, 0, 90000, 0.00000, '2021-03-13 13:43:09', '2021-03-13 13:43:09'),
(10, NULL, 7, 5, 3, 1, 2, 0, 0, 0, 110000, 1.00000, '2021-03-13 13:43:09', '2021-03-13 13:43:09'),
(34, 16, NULL, 5, 3, 1, 2, 0, 36, 10800000, 300000, 1.00000, '2021-03-25 15:07:17', '2021-03-25 15:07:17'),
(35, 16, NULL, 3, 3, 1, 2, 0, 44, 6600000, 150000, 1.00000, '2021-03-25 15:07:17', '2021-03-25 15:07:17'),
(36, 16, NULL, 8, 1, 1, 2, 0, 330, 990000, 3000, 1.00000, '2021-03-25 15:07:17', '2021-03-25 15:07:17'),
(37, 16, NULL, 9, 1, 1, 2, 0, 340, 1020000, 3000, 1.00000, '2021-03-25 15:07:17', '2021-03-25 15:07:17'),
(38, 16, NULL, 10, 1, 1, 2, 0, 550, 302500, 550, 1.00000, '2021-03-25 15:07:17', '2021-03-25 15:07:17'),
(39, 16, NULL, 11, 1, 1, 2, 0, 750, 150000, 200, 1.00000, '2021-03-25 15:07:17', '2021-03-25 15:07:17'),
(40, 16, NULL, 12, 1, 1, 2, 0, 1050, 315000, 300, 1.00000, '2021-03-25 15:07:17', '2021-03-25 15:07:17'),
(41, 16, NULL, 13, 4, 33, 3, 100, 280, 28000, 100, 1.00000, '2021-03-25 15:07:17', '2021-03-25 15:07:17'),
(42, 16, NULL, 14, 1, 1, 2, 0, 610, 122000, 200, 1.00000, '2021-03-25 15:07:17', '2021-03-25 15:07:17');

-- --------------------------------------------------------

--
-- Table structure for table `purchases`
--

CREATE TABLE `purchases` (
  `id` bigint(20) UNSIGNED NOT NULL,
  `serial_no` int(11) NOT NULL,
  `vendor_id` bigint(20) UNSIGNED NOT NULL,
  `date_time` datetime NOT NULL,
  `description` text CHARACTER SET utf8mb4 COLLATE utf8mb4_unicode_ci,
  `currency_id` int(100) NOT NULL,
  `user_id` bigint(20) UNSIGNED NOT NULL,
  `created_at` timestamp NULL DEFAULT NULL,
  `updated_at` timestamp NULL DEFAULT NULL
) ENGINE=InnoDB DEFAULT CHARSET=utf8;

--
-- Dumping data for table `purchases`
--

INSERT INTO `purchases` (`id`, `serial_no`, `vendor_id`, `date_time`, `description`, `currency_id`, `user_id`, `created_at`, `updated_at`) VALUES
(2, 102, 4, '1399-09-17 14:47:00', 'خریدار از عزیزتیل دیزل', 2, 3, '2021-03-13 16:39:53', '2021-03-13 17:12:45'),
(3, 103, 8, '1399-12-23 15:34:00', 'خریداری از رامین صورت گرفته پول بعد ا به دالر داده شده است.', 1, 3, '2021-03-13 17:11:52', '2021-03-13 17:11:52');

-- --------------------------------------------------------

--
-- Table structure for table `roles`
--

CREATE TABLE `roles` (
  `id` bigint(20) UNSIGNED NOT NULL,
  `name` varchar(191) NOT NULL,
  `guard_name` varchar(191) NOT NULL,
  `created_at` timestamp NULL DEFAULT NULL,
  `updated_at` timestamp NULL DEFAULT NULL
) ENGINE=InnoDB DEFAULT CHARSET=utf8;

--
-- Dumping data for table `roles`
--

INSERT INTO `roles` (`id`, `name`, `guard_name`, `created_at`, `updated_at`) VALUES
(1, 'writer', 'web', '2021-02-03 05:23:41', '2021-02-03 05:23:41');

-- --------------------------------------------------------

--
-- Table structure for table `role_has_permissions`
--

CREATE TABLE `role_has_permissions` (
  `permission_id` bigint(20) UNSIGNED NOT NULL,
  `role_id` bigint(20) UNSIGNED NOT NULL
) ENGINE=InnoDB DEFAULT CHARSET=utf8;

-- --------------------------------------------------------

--
-- Table structure for table `sales`
--

CREATE TABLE `sales` (
  `id` bigint(20) UNSIGNED NOT NULL,
  `type` varchar(191) NOT NULL,
  `source_id` int(11) NOT NULL,
  `source_type` varchar(191) NOT NULL,
  `user_id` bigint(20) UNSIGNED NOT NULL,
  `currency_id` bigint(20) UNSIGNED NOT NULL,
  `bank_account` int(11) DEFAULT NULL,
  `datatime` datetime NOT NULL,
  `created_at` timestamp NULL DEFAULT NULL,
  `updated_at` timestamp NULL DEFAULT NULL
) ENGINE=InnoDB DEFAULT CHARSET=utf8;

--
-- Dumping data for table `sales`
--

INSERT INTO `sales` (`id`, `type`, `source_id`, `source_type`, `user_id`, `currency_id`, `bank_account`, `datatime`, `created_at`, `updated_at`) VALUES
(5, 's1', 1, 'STOK', 3, 1, 22, '1399-12-23 15:42:00', '2021-03-13 17:23:45', '2021-03-13 17:23:45');

-- --------------------------------------------------------

--
-- Table structure for table `sales_fours`
--

CREATE TABLE `sales_fours` (
  `id` bigint(20) UNSIGNED NOT NULL,
  `sales_id` bigint(20) UNSIGNED NOT NULL,
  `serial_no` int(11) NOT NULL,
  `service_cost` decimal(20,2) DEFAULT NULL,
  `additional_cost` decimal(20,2) DEFAULT NULL,
  `total` decimal(20,2) DEFAULT NULL,
  `steps` decimal(11,0) DEFAULT NULL,
  `description` text CHARACTER SET utf8mb4 COLLATE utf8mb4_unicode_ci,
  `tax` int(10) DEFAULT NULL,
  `client_name` varchar(20) DEFAULT NULL,
  `destination` varchar(200) DEFAULT NULL,
  `created_at` timestamp NULL DEFAULT NULL,
  `updated_at` timestamp NULL DEFAULT NULL
) ENGINE=InnoDB DEFAULT CHARSET=utf8;

-- --------------------------------------------------------

--
-- Table structure for table `sales_ones`
--

CREATE TABLE `sales_ones` (
  `id` bigint(20) UNSIGNED NOT NULL,
  `sales_id` bigint(20) UNSIGNED NOT NULL,
  `serial_no` int(11) NOT NULL,
  `project_id` bigint(20) UNSIGNED NOT NULL,
  `destination` varchar(191) NOT NULL,
  `transport_cost` decimal(18,2) NOT NULL,
  `service_cost` decimal(18,2) NOT NULL,
  `tax` decimal(8,2) NOT NULL,
  `deposit` decimal(20,2) NOT NULL,
  `total` decimal(20,2) NOT NULL,
  `steps` decimal(11,0) DEFAULT NULL,
  `description` text CHARACTER SET utf8mb4 COLLATE utf8mb4_unicode_ci,
  `created_at` timestamp NULL DEFAULT NULL,
  `updated_at` timestamp NULL DEFAULT NULL
) ENGINE=InnoDB DEFAULT CHARSET=utf8;

--
-- Dumping data for table `sales_ones`
--

INSERT INTO `sales_ones` (`id`, `sales_id`, `serial_no`, `project_id`, `destination`, `transport_cost`, `service_cost`, `tax`, `deposit`, `total`, `steps`, `description`, `created_at`, `updated_at`) VALUES
(3, 5, 101, 16, 'ریاست محافظت ریس جمهور', 10300.00, 2000.00, 2.00, 10.00, 6927500.00, 0, 'سلام', '2021-03-13 17:23:45', '2021-03-13 17:23:45');

-- --------------------------------------------------------

--
-- Table structure for table `sales_threes`
--

CREATE TABLE `sales_threes` (
  `id` bigint(20) UNSIGNED NOT NULL,
  `sales_id` bigint(20) UNSIGNED NOT NULL,
  `serial_no` int(11) NOT NULL,
  `project_id` bigint(20) UNSIGNED NOT NULL,
  `driver_name` varchar(191) NOT NULL,
  `plate_no` varchar(191) NOT NULL,
  `driver_phone` varchar(191) NOT NULL,
  `service_cost` decimal(20,2) NOT NULL,
  `tax` decimal(8,2) NOT NULL,
  `deposit` decimal(20,2) NOT NULL,
  `total` decimal(20,2) NOT NULL,
  `steps` decimal(11,0) DEFAULT NULL,
  `description` text CHARACTER SET utf8mb4 COLLATE utf8mb4_unicode_ci,
  `destination` varchar(200) DEFAULT NULL,
  `created_at` timestamp NULL DEFAULT NULL,
  `updated_at` timestamp NULL DEFAULT NULL
) ENGINE=InnoDB DEFAULT CHARSET=utf8;

-- --------------------------------------------------------

--
-- Table structure for table `sales_twos`
--

CREATE TABLE `sales_twos` (
  `id` bigint(20) UNSIGNED NOT NULL,
  `sales_id` bigint(20) UNSIGNED NOT NULL,
  `serial_no` int(11) NOT NULL,
  `client_id` bigint(20) UNSIGNED NOT NULL,
  `destination` varchar(191) NOT NULL,
  `transport_cost` decimal(20,2) NOT NULL,
  `service_cost` decimal(20,2) NOT NULL,
  `tax` decimal(8,2) NOT NULL,
  `total` decimal(20,2) NOT NULL,
  `steps` decimal(11,0) DEFAULT NULL,
  `description` text CHARACTER SET utf8mb4 COLLATE utf8mb4_unicode_ci,
  `created_at` timestamp NULL DEFAULT NULL,
  `updated_at` timestamp NULL DEFAULT NULL
) ENGINE=InnoDB DEFAULT CHARSET=utf8;

-- --------------------------------------------------------

--
-- Table structure for table `serial_numbers`
--

CREATE TABLE `serial_numbers` (
  `id` int(100) NOT NULL,
  `type` varchar(100) NOT NULL,
  `prefix` varchar(100) NOT NULL,
  `value` int(100) NOT NULL,
  `created_at` datetime NOT NULL,
  `updated_at` datetime NOT NULL
) ENGINE=InnoDB DEFAULT CHARSET=utf8;

--
-- Dumping data for table `serial_numbers`
--

INSERT INTO `serial_numbers` (`id`, `type`, `prefix`, `value`, `created_at`, `updated_at`) VALUES
(3, 'TRA', 'TRA', 101, '2021-03-01 07:23:46', '2021-03-01 07:23:46'),
(4, 'EXP', 'EXP', 102, '2021-03-01 07:28:20', '2021-03-10 13:27:43'),
(5, 'pur', 'pur', 103, '2021-03-02 10:31:49', '2021-03-13 11:11:52'),
(6, 'pro-SHA', 'pro', 108, '2021-03-02 10:35:50', '2021-03-25 10:07:17'),
(7, 'proj-1', 'sale', 101, '2021-03-02 10:38:12', '2021-03-02 10:38:12'),
(8, 'proj-2', 'sale', 101, '2021-03-06 11:22:40', '2021-03-06 11:22:40'),
(9, 'prop-WB', 'pro', 104, '2021-03-08 09:09:30', '2021-03-13 07:53:32'),
(14, 'prop-SHA', 'pro', 101, '2021-03-13 09:54:26', '2021-03-13 09:54:26'),
(17, 'proj-16', 'sale', 101, '2021-03-13 11:23:45', '2021-03-13 11:23:45');

-- --------------------------------------------------------

--
-- Table structure for table `stock_records`
--

CREATE TABLE `stock_records` (
  `id` bigint(20) UNSIGNED NOT NULL,
  `type` varchar(191) NOT NULL,
  `type_id` int(11) NOT NULL,
  `source` varchar(191) NOT NULL,
  `source_id` bigint(20) UNSIGNED NOT NULL,
  `item_id` bigint(20) UNSIGNED NOT NULL,
  `increment` decimal(18,2) DEFAULT '0.00',
  `decrement` decimal(18,2) DEFAULT '0.00',
  `uom_id` int(11) NOT NULL,
  `increment_equiv` decimal(18,2) DEFAULT '0.00',
  `decrement_equiv` decimal(18,2) DEFAULT '0.00',
  `uom_equiv_id` bigint(20) UNSIGNED DEFAULT '0',
  `density` decimal(8,2) DEFAULT NULL,
  `operation_id` bigint(20) UNSIGNED NOT NULL,
  `unit_price` decimal(20,0) NOT NULL,
  `total_price` decimal(20,0) NOT NULL,
  `remark` varchar(191) CHARACTER SET utf8mb4 COLLATE utf8mb4_unicode_ci DEFAULT NULL,
  `ex_rate_id` int(10) DEFAULT NULL,
  `created_at` timestamp NULL DEFAULT NULL,
  `updated_at` timestamp NULL DEFAULT NULL
) ENGINE=InnoDB DEFAULT CHARSET=utf8;

--
-- Dumping data for table `stock_records`
--

INSERT INTO `stock_records` (`id`, `type`, `type_id`, `source`, `source_id`, `item_id`, `increment`, `decrement`, `uom_id`, `increment_equiv`, `decrement_equiv`, `uom_equiv_id`, `density`, `operation_id`, `unit_price`, `total_price`, `remark`, `ex_rate_id`, `created_at`, `updated_at`) VALUES
(15, 'purchase', 3, 'STOK', 1, 8, 0.00, 0.00, 1, 3000.00, 0.00, 1, 0.00, 2, 262, 786000, 'خریداری از رامین صورت گرفته پول بعد ا به دالر داده شده است.', 7, '2021-03-13 17:11:52', '2021-03-13 17:11:52'),
(16, 'purchase', 3, 'STOK', 1, 9, 0.00, 0.00, 1, 3000.00, 0.00, 1, 1.00, 2, 199, 597000, 'خریداری از رامین صورت گرفته پول بعد ا به دالر داده شده است.', 7, '2021-03-13 17:11:52', '2021-03-13 17:11:52'),
(17, 'purchase', 3, 'STOK', 1, 14, 0.00, 0.00, 1, 200.00, 0.00, 1, 1.00, 2, 560, 112000, 'خریداری از رامین صورت گرفته پول بعد ا به دالر داده شده است.', 7, '2021-03-13 17:11:52', '2021-03-13 17:11:52'),
(18, 'purchase', 3, 'STOK', 1, 10, 0.00, 0.00, 1, 550.00, 0.00, 1, 1.00, 2, 495, 272250, 'خریداری از رامین صورت گرفته پول بعد ا به دالر داده شده است.', 7, '2021-03-13 17:11:52', '2021-03-13 17:11:52'),
(19, 'purchase', 3, 'STOK', 1, 12, 0.00, 0.00, 1, 0.00, 0.00, 1, 1.00, 1, 275, 0, 'خریداری از رامین صورت گرفته پول بعد ا به دالر داده شده است.', 7, '2021-03-13 17:11:52', '2021-03-13 17:11:52'),
(20, 'purchase', 3, 'STOK', 1, 13, 100.00, 0.00, 4, 0.00, 0.00, 33, 1.00, 1, 130, 13000, 'خریداری از رامین صورت گرفته پول بعد ا به دالر داده شده است.', 7, '2021-03-13 17:11:52', '2021-03-13 17:11:52'),
(21, 'purchase', 3, 'STOK', 1, 11, 0.00, 0.00, 1, 200.00, 0.00, 1, 1.00, 2, 175, 35000, 'خریداری از رامین صورت گرفته پول بعد ا به دالر داده شده است.', 7, '2021-03-13 17:11:52', '2021-03-13 17:11:52'),
(23, 'purchase', 2, 'STOK', 1, 5, 61.68, 0.00, 3, 74313.00, 0.00, 1, 0.83, 5, 0, 0, 'خریدار از عزیزتیل دیزل', 7, '2021-03-13 17:12:45', '2021-03-13 17:12:45'),
(24, 'sale', 5, 'STOK', 1, 5, 0.00, 0.00, 3, 0.00, 50000.00, 1, 0.00, 2, 36, 1800000, 'سلام', 7, '2021-03-13 17:23:45', '2021-03-13 17:23:45'),
(25, 'sale', 5, 'STOK', 1, 3, 0.00, 0.00, 3, 0.00, 50000.00, 1, 0.00, 2, 44, 2200000, 'سلام', 7, '2021-03-13 17:23:45', '2021-03-13 17:23:45'),
(26, 'sale', 5, 'STOK', 1, 8, 0.00, 0.00, 1, 0.00, 3000.00, 1, 0.00, 2, 330, 990000, 'سلام', 7, '2021-03-13 17:23:45', '2021-03-13 17:23:45'),
(27, 'sale', 5, 'STOK', 1, 9, 0.00, 0.00, 1, 0.00, 3000.00, 1, 0.00, 2, 340, 1020000, 'سلام', 7, '2021-03-13 17:23:45', '2021-03-13 17:23:45'),
(28, 'sale', 5, 'STOK', 1, 10, 0.00, 0.00, 1, 0.00, 550.00, 1, 0.00, 2, 550, 302500, 'سلام', 7, '2021-03-13 17:23:45', '2021-03-13 17:23:45'),
(29, 'sale', 5, 'STOK', 1, 11, 0.00, 0.00, 1, 0.00, 200.00, 1, 0.00, 2, 750, 150000, 'سلام', 7, '2021-03-13 17:23:45', '2021-03-13 17:23:45'),
(30, 'sale', 5, 'STOK', 1, 12, 0.00, 0.00, 1, 0.00, 300.00, 1, 0.00, 2, 1050, 315000, 'سلام', 7, '2021-03-13 17:23:45', '2021-03-13 17:23:45'),
(31, 'sale', 5, 'STOK', 1, 13, 0.00, 100.00, 4, 0.00, 100.00, 33, 0.00, 3, 280, 28000, 'سلام', 7, '2021-03-13 17:23:45', '2021-03-13 17:23:45'),
(32, 'sale', 5, 'STOK', 1, 14, 0.00, 0.00, 1, 0.00, 200.00, 1, 0.00, 2, 610, 122000, 'سلام', 7, '2021-03-13 17:23:45', '2021-03-13 17:23:45');

-- --------------------------------------------------------

--
-- Table structure for table `storages`
--

CREATE TABLE `storages` (
  `id` bigint(20) UNSIGNED NOT NULL,
  `code` varchar(191) NOT NULL,
  `name` varchar(191) NOT NULL,
  `manager` varchar(191) NOT NULL,
  `phone` varchar(191) NOT NULL,
  `address` text NOT NULL,
  `capacity` decimal(20,2) DEFAULT NULL,
  `oum_id` bigint(20) UNSIGNED NOT NULL,
  `created_at` timestamp NULL DEFAULT NULL,
  `updated_at` timestamp NULL DEFAULT NULL
) ENGINE=InnoDB DEFAULT CHARSET=utf8;

--
-- Dumping data for table `storages`
--

INSERT INTO `storages` (`id`, `code`, `name`, `manager`, `phone`, `address`, `capacity`, `oum_id`, `created_at`, `updated_at`) VALUES
(4, 'D-01', 'ذخیره دیزل D-01', 'مولانا عبدالحق', '0700538578', 'قصبه، کابل - افغانستان', 55000.00, 3, '2021-03-13 11:47:25', '2021-03-13 11:47:25');

-- --------------------------------------------------------

--
-- Table structure for table `transactions`
--

CREATE TABLE `transactions` (
  `id` bigint(20) UNSIGNED NOT NULL,
  `serial_no` int(11) NOT NULL,
  `currency_id` bigint(20) UNSIGNED NOT NULL,
  `datetime` datetime NOT NULL,
  `title` varchar(191) NOT NULL,
  `transaction_status` varchar(191) NOT NULL,
  `ammount` decimal(20,2) DEFAULT NULL,
  `description` text CHARACTER SET utf8mb4 COLLATE utf8mb4_unicode_ci,
  `credit_desc` text CHARACTER SET utf8mb4 COLLATE utf8mb4_unicode_ci,
  `debit_desc` text CHARACTER SET utf8mb4 COLLATE utf8mb4_unicode_ci,
  `user_id` bigint(20) UNSIGNED NOT NULL,
  `created_at` timestamp NULL DEFAULT NULL,
  `updated_at` timestamp NULL DEFAULT NULL
) ENGINE=InnoDB DEFAULT CHARSET=utf8;

--
-- Dumping data for table `transactions`
--

INSERT INTO `transactions` (`id`, `serial_no`, `currency_id`, `datetime`, `title`, `transaction_status`, `ammount`, `description`, `credit_desc`, `debit_desc`, `user_id`, `created_at`, `updated_at`) VALUES
(1, 101, 1, '1399-12-11 11:50:00', 'فروش تیل', 'عاید', 12000.00, 'فروش یک قلم تیل پطرول', NULL, NULL, 15, '2021-03-01 13:23:46', '2021-03-01 13:23:46');

-- --------------------------------------------------------

--
-- Table structure for table `transfers`
--

CREATE TABLE `transfers` (
  `id` bigint(20) UNSIGNED NOT NULL,
  `datetime` datetime NOT NULL,
  `serial_no` int(11) NOT NULL,
  `title` varchar(191) NOT NULL,
  `supervisor` varchar(191) NOT NULL,
  `destination` varchar(100) DEFAULT NULL,
  `destination_id` int(11) DEFAULT NULL,
  `transit` decimal(18,2) NOT NULL DEFAULT '0.00',
  `scale` decimal(18,2) NOT NULL DEFAULT '0.00',
  `others` decimal(20,2) NOT NULL DEFAULT '0.00',
  `total` decimal(20,2) NOT NULL DEFAULT '0.00',
  `description` text,
  `user_id` bigint(20) UNSIGNED NOT NULL,
  `created_at` timestamp NULL DEFAULT NULL,
  `updated_at` timestamp NULL DEFAULT NULL
) ENGINE=InnoDB DEFAULT CHARSET=utf8;

-- --------------------------------------------------------

--
-- Table structure for table `users`
--

CREATE TABLE `users` (
  `id` bigint(20) UNSIGNED NOT NULL,
  `firstName` varchar(255) NOT NULL,
  `lastName` varchar(255) NOT NULL,
  `user_type` varchar(255) NOT NULL,
  `position` varchar(255) NOT NULL,
  `email` varchar(255) NOT NULL,
  `phone` varchar(255) NOT NULL,
  `address` varchar(255) NOT NULL,
  `password` varchar(255) NOT NULL,
  `image` varchar(255) CHARACTER SET utf8mb4 COLLATE utf8mb4_unicode_ci DEFAULT NULL,
  `deleted_at` timestamp NULL DEFAULT NULL,
  `created_at` timestamp NULL DEFAULT NULL,
  `updated_at` timestamp NULL DEFAULT NULL
) ENGINE=InnoDB DEFAULT CHARSET=utf8;

--
-- Dumping data for table `users`
--

INSERT INTO `users` (`id`, `firstName`, `lastName`, `user_type`, `position`, `email`, `phone`, `address`, `password`, `image`, `deleted_at`, `created_at`, `updated_at`) VALUES
(3, 'شرکت شایق', 'علیمی', '1', 'ادمین', 'info@shaiqalimi.com', '0781818818', 'کابل', '$2y$10$e82f3KdIGUqW2DHxxiRtZO/I0wSnZKUVWiDWQFpvN6iFgdTwYbZ5i', '1614229601.png', NULL, '2020-12-23 02:18:10', '2021-03-13 12:16:46'),
(15, 'ذوالفقار', 'حسینی', '{\"text\":\"\\u0622\\u062f\\u0645\\u06cc\\u0646\",\"value\":0}', 'ادمین', 'zulfiqar.hussaini35@gmail.com', '0764444474', 'جاده میوند', '$2y$10$s8fXyAy7KPTDVAdk5K1u4OmTt.VFDFhrfOLwBeLRqAOY1tm53VO62', '1614411626.jpeg', NULL, '2021-02-24 15:23:27', '2021-02-27 16:08:54');

-- --------------------------------------------------------

--
-- Table structure for table `user_assignments`
--

CREATE TABLE `user_assignments` (
  `id` bigint(20) UNSIGNED NOT NULL,
  `user_id` bigint(20) UNSIGNED NOT NULL,
  `lead_user_id` bigint(20) UNSIGNED NOT NULL,
  `created_at` timestamp NULL DEFAULT NULL,
  `updated_at` timestamp NULL DEFAULT NULL
) ENGINE=InnoDB DEFAULT CHARSET=utf8;

-- --------------------------------------------------------

--
-- Table structure for table `user_notifications`
--

CREATE TABLE `user_notifications` (
  `id` bigint(20) UNSIGNED NOT NULL,
  `user_id` bigint(20) UNSIGNED DEFAULT NULL,
  `notification_id` bigint(20) UNSIGNED DEFAULT NULL,
  `status` varchar(100) NOT NULL,
  `pin` tinyint(1) NOT NULL,
  `done` tinyint(1) NOT NULL,
  `created_at` timestamp NULL DEFAULT NULL,
  `updated_at` timestamp NULL DEFAULT NULL
) ENGINE=InnoDB DEFAULT CHARSET=utf8;

--
-- Dumping data for table `user_notifications`
--

INSERT INTO `user_notifications` (`id`, `user_id`, `notification_id`, `status`, `pin`, `done`, `created_at`, `updated_at`) VALUES
(17, 3, 17, 'nor', 0, 0, '2021-03-13 13:43:09', '2021-03-13 13:43:09'),
(18, 3, 18, 'not_im', 0, 0, '2021-03-13 13:53:32', '2021-03-13 14:27:55'),
(19, 3, 19, 'not_im', 0, 0, '2021-03-13 14:27:55', '2021-03-13 14:38:44'),
(20, 3, 20, 'nor', 0, 0, '2021-03-13 14:38:44', '2021-03-13 14:38:44'),
(21, 3, 21, 'not_im', 0, 0, '2021-03-13 15:12:44', '2021-03-13 15:20:36'),
(22, 3, 22, 'not_im', 0, 0, '2021-03-13 15:12:44', '2021-03-13 15:20:36'),
(23, 3, 23, 'nor', 0, 0, '2021-03-13 15:20:36', '2021-03-13 15:20:36'),
(24, 3, 24, 'nor', 0, 0, '2021-03-13 15:25:34', '2021-03-13 15:25:34'),
(25, 3, 25, 'nor', 0, 0, '2021-03-13 15:25:34', '2021-03-13 15:25:34'),
(26, 3, 26, 'not_im', 0, 0, '2021-03-13 15:54:26', '2021-03-25 14:37:18'),
(27, 3, 27, 'nor', 0, 0, '2021-03-13 16:11:49', '2021-03-13 16:11:49'),
(28, 3, 28, 'nor', 0, 0, '2021-03-13 16:11:50', '2021-03-13 16:11:50'),
(29, 3, 29, 'nor', 0, 0, '2021-03-13 17:23:45', '2021-03-13 17:23:45'),
(30, 3, 30, 'nor', 0, 0, '2021-03-23 16:11:53', '2021-03-23 16:11:53'),
(31, 3, 31, 'nor', 0, 0, '2021-03-25 14:37:18', '2021-03-25 14:37:18');

-- --------------------------------------------------------

--
-- Table structure for table `vendors`
--

CREATE TABLE `vendors` (
  `id` bigint(20) UNSIGNED NOT NULL,
  `name` varchar(191) NOT NULL,
  `phone` varchar(191) NOT NULL,
  `address` varchar(191) NOT NULL,
  `account_id` bigint(20) UNSIGNED NOT NULL,
  `created_at` timestamp NULL DEFAULT NULL,
  `updated_at` timestamp NULL DEFAULT NULL
) ENGINE=InnoDB DEFAULT CHARSET=utf8;

--
-- Dumping data for table `vendors`
--

INSERT INTO `vendors` (`id`, `name`, `phone`, `address`, `account_id`, `created_at`, `updated_at`) VALUES
(2, 'حاجی نظام', '0776821468', 'سرای تیل کمپنی کابل', 212, '2021-03-02 16:25:23', '2021-03-02 16:25:23'),
(3, 'بشرمل', '۰۷۷۵۶۷۰۸۷۵', 'سرای تیل', 222, '2021-03-13 16:18:42', '2021-03-13 16:18:42'),
(4, 'عزیز', '۰۷۷۷۴۸۴۰۰۳', 'سرای تیل', 223, '2021-03-13 16:19:07', '2021-03-13 16:19:07'),
(5, 'حاجی طیب', '۰۷۹۵۵۰۴۹۳۰', 'سرای تیل کمپنی', 224, '2021-03-13 16:19:41', '2021-03-13 16:19:41'),
(6, 'آصف پسر زوار', '۰۷۷۸۹۵۳۵۷۹', 'قلعه حیدر خان', 225, '2021-03-13 16:21:11', '2021-03-13 16:21:11'),
(7, 'حاجی کمال', '۰۷۹۹۶۸۴۵۳۸', 'سرای تیل', 226, '2021-03-13 16:21:33', '2021-03-13 16:21:33'),
(8, 'رامین', '۰۷۰۰۲۵۸۳۶۸', 'قوایی مرکز', 227, '2021-03-13 16:55:22', '2021-03-13 16:55:22');

--
-- Indexes for dumped tables
--

--
-- Indexes for table `accounts`
--
ALTER TABLE `accounts`
  ADD PRIMARY KEY (`id`),
  ADD KEY `accounts_user_id_foreign` (`user_id`),
  ADD KEY `accounts_type_id_foreign` (`type_id`);

--
-- Indexes for table `account_types`
--
ALTER TABLE `account_types`
  ADD PRIMARY KEY (`id`);

--
-- Indexes for table `archives`
--
ALTER TABLE `archives`
  ADD PRIMARY KEY (`id`),
  ADD KEY `archives_account_id_foreign` (`account_id`),
  ADD KEY `archives_user_id_foreign` (`user_id`);

--
-- Indexes for table `archives_files`
--
ALTER TABLE `archives_files`
  ADD PRIMARY KEY (`id`),
  ADD KEY `archives_files_archive_id_foreign` (`archive_id`);

--
-- Indexes for table `clients`
--
ALTER TABLE `clients`
  ADD PRIMARY KEY (`id`),
  ADD UNIQUE KEY `clients_email_unique` (`email`),
  ADD KEY `clients_account_id_foreign` (`account_id`);

--
-- Indexes for table `companies`
--
ALTER TABLE `companies`
  ADD PRIMARY KEY (`id`);

--
-- Indexes for table `currencies`
--
ALTER TABLE `currencies`
  ADD PRIMARY KEY (`id`);

--
-- Indexes for table `exchange_rates`
--
ALTER TABLE `exchange_rates`
  ADD PRIMARY KEY (`id`),
  ADD KEY `exchange_rates_currency_id_foreign` (`currency_id`),
  ADD KEY `exchange_rates_user_id_foreign` (`user_id`);

--
-- Indexes for table `expenses`
--
ALTER TABLE `expenses`
  ADD PRIMARY KEY (`id`),
  ADD KEY `expenses_currency_id_foreign` (`currency_id`),
  ADD KEY `expenses_user_id_foreign` (`user_id`);

--
-- Indexes for table `failed_jobs`
--
ALTER TABLE `failed_jobs`
  ADD PRIMARY KEY (`id`),
  ADD UNIQUE KEY `failed_jobs_uuid_unique` (`uuid`);

--
-- Indexes for table `financial_records`
--
ALTER TABLE `financial_records`
  ADD PRIMARY KEY (`id`),
  ADD KEY `financial_records_account_id_foreign` (`account_id`),
  ADD KEY `financial_records_currency_id_foreign` (`currency_id`),
  ADD KEY `financial_records_ex_rate_id_foreign` (`ex_rate_id`);

--
-- Indexes for table `fuel_despensers`
--
ALTER TABLE `fuel_despensers`
  ADD PRIMARY KEY (`id`),
  ADD KEY `fuel_despensers_station_id_foreign` (`station_id`);

--
-- Indexes for table `fuel_desp_strs`
--
ALTER TABLE `fuel_desp_strs`
  ADD PRIMARY KEY (`id`),
  ADD KEY `fuel_desp_strs_despencer_id_foreign` (`despencer_id`),
  ADD KEY `fuel_desp_strs_storage_id_foreign` (`storage_id`);

--
-- Indexes for table `fuel_stations`
--
ALTER TABLE `fuel_stations`
  ADD PRIMARY KEY (`id`);

--
-- Indexes for table `fuel_station_storages`
--
ALTER TABLE `fuel_station_storages`
  ADD PRIMARY KEY (`id`),
  ADD KEY `fuel_station_storages_oum_id_foreign` (`oum_id`),
  ADD KEY `fuel_station_storages_station_id_foreign` (`station_id`);

--
-- Indexes for table `inventories`
--
ALTER TABLE `inventories`
  ADD PRIMARY KEY (`id`);

--
-- Indexes for table `items`
--
ALTER TABLE `items`
  ADD PRIMARY KEY (`id`),
  ADD KEY `items_type_id_foreign` (`type_id`),
  ADD KEY `items_uom_id_foreign` (`uom_id`),
  ADD KEY `items_uom_equiv_id_foreign` (`uom_equiv_id`);

--
-- Indexes for table `item_types`
--
ALTER TABLE `item_types`
  ADD PRIMARY KEY (`id`);

--
-- Indexes for table `measurment_units`
--
ALTER TABLE `measurment_units`
  ADD PRIMARY KEY (`id`);

--
-- Indexes for table `migrations`
--
ALTER TABLE `migrations`
  ADD PRIMARY KEY (`id`);

--
-- Indexes for table `model_has_permissions`
--
ALTER TABLE `model_has_permissions`
  ADD PRIMARY KEY (`permission_id`,`model_id`,`model_type`),
  ADD KEY `model_has_permissions_model_id_model_type_index` (`model_id`,`model_type`);

--
-- Indexes for table `model_has_roles`
--
ALTER TABLE `model_has_roles`
  ADD PRIMARY KEY (`role_id`,`model_id`,`model_type`),
  ADD KEY `model_has_roles_model_id_model_type_index` (`model_id`,`model_type`);

--
-- Indexes for table `notifications`
--
ALTER TABLE `notifications`
  ADD PRIMARY KEY (`id`),
  ADD KEY `notifications_user_id_foreign` (`user_id`);

--
-- Indexes for table `oauth_access_tokens`
--
ALTER TABLE `oauth_access_tokens`
  ADD PRIMARY KEY (`id`),
  ADD KEY `oauth_access_tokens_user_id_index` (`user_id`);

--
-- Indexes for table `oauth_auth_codes`
--
ALTER TABLE `oauth_auth_codes`
  ADD PRIMARY KEY (`id`),
  ADD KEY `oauth_auth_codes_user_id_index` (`user_id`);

--
-- Indexes for table `oauth_clients`
--
ALTER TABLE `oauth_clients`
  ADD PRIMARY KEY (`id`),
  ADD KEY `oauth_clients_user_id_index` (`user_id`);

--
-- Indexes for table `oauth_personal_access_clients`
--
ALTER TABLE `oauth_personal_access_clients`
  ADD PRIMARY KEY (`id`);

--
-- Indexes for table `oauth_refresh_tokens`
--
ALTER TABLE `oauth_refresh_tokens`
  ADD PRIMARY KEY (`id`),
  ADD KEY `oauth_refresh_tokens_access_token_id_index` (`access_token_id`);

--
-- Indexes for table `operations`
--
ALTER TABLE `operations`
  ADD PRIMARY KEY (`id`);

--
-- Indexes for table `participators`
--
ALTER TABLE `participators`
  ADD PRIMARY KEY (`id`);

--
-- Indexes for table `password_resets`
--
ALTER TABLE `password_resets`
  ADD KEY `password_resets_email_index` (`email`);

--
-- Indexes for table `permissions`
--
ALTER TABLE `permissions`
  ADD PRIMARY KEY (`id`),
  ADD UNIQUE KEY `permissions_name_guard_name_unique` (`name`,`guard_name`);

--
-- Indexes for table `projects`
--
ALTER TABLE `projects`
  ADD PRIMARY KEY (`id`),
  ADD KEY `projects_proposal_id_foreign` (`proposal_id`),
  ADD KEY `projects_user_id_foreign` (`user_id`);

--
-- Indexes for table `projects_step`
--
ALTER TABLE `projects_step`
  ADD PRIMARY KEY (`id`);

--
-- Indexes for table `proposals`
--
ALTER TABLE `proposals`
  ADD PRIMARY KEY (`id`),
  ADD KEY `proposals_user_id_foreign` (`user_id`);

--
-- Indexes for table `proposals_step`
--
ALTER TABLE `proposals_step`
  ADD PRIMARY KEY (`id`),
  ADD KEY `proposal_id` (`proposal_id`);

--
-- Indexes for table `pro_data`
--
ALTER TABLE `pro_data`
  ADD PRIMARY KEY (`id`),
  ADD KEY `pro_data_proposal_id_foreign` (`proposal_id`),
  ADD KEY `pro_data_project_id_foreign` (`project_id`),
  ADD KEY `pro_data_client_id_foreign` (`client_id`),
  ADD KEY `pro_data_currency_id_foreign` (`currency_id`);

--
-- Indexes for table `pro_items`
--
ALTER TABLE `pro_items`
  ADD PRIMARY KEY (`id`),
  ADD KEY `pro_items_project_id_foreign` (`project_id`),
  ADD KEY `pro_items_proposal_id_foreign` (`proposal_id`),
  ADD KEY `pro_items_item_id_foreign` (`item_id`),
  ADD KEY `pro_items_unit_id_foreign` (`unit_id`),
  ADD KEY `pro_items_uom_equiv_id_foreign` (`uom_equiv_id`),
  ADD KEY `pro_items_operation_id_foreign` (`operation_id`);

--
-- Indexes for table `purchases`
--
ALTER TABLE `purchases`
  ADD PRIMARY KEY (`id`),
  ADD KEY `purchases_vendor_id_foreign` (`vendor_id`),
  ADD KEY `purchases_user_id_foreign` (`user_id`);

--
-- Indexes for table `roles`
--
ALTER TABLE `roles`
  ADD PRIMARY KEY (`id`),
  ADD UNIQUE KEY `roles_name_guard_name_unique` (`name`,`guard_name`);

--
-- Indexes for table `role_has_permissions`
--
ALTER TABLE `role_has_permissions`
  ADD PRIMARY KEY (`permission_id`,`role_id`),
  ADD KEY `role_has_permissions_role_id_foreign` (`role_id`);

--
-- Indexes for table `sales`
--
ALTER TABLE `sales`
  ADD PRIMARY KEY (`id`),
  ADD KEY `sales_user_id_foreign` (`user_id`),
  ADD KEY `sales_currency_id_foreign` (`currency_id`);

--
-- Indexes for table `sales_fours`
--
ALTER TABLE `sales_fours`
  ADD PRIMARY KEY (`id`),
  ADD KEY `sales_fours_sales_id_foreign` (`sales_id`);

--
-- Indexes for table `sales_ones`
--
ALTER TABLE `sales_ones`
  ADD PRIMARY KEY (`id`),
  ADD KEY `sales_ones_sales_id_foreign` (`sales_id`),
  ADD KEY `sales_ones_storage_id_foreign` (`project_id`);

--
-- Indexes for table `sales_threes`
--
ALTER TABLE `sales_threes`
  ADD PRIMARY KEY (`id`),
  ADD KEY `sales_threes_sales_id_foreign` (`sales_id`),
  ADD KEY `sales_threes_project_id_foreign` (`project_id`);

--
-- Indexes for table `sales_twos`
--
ALTER TABLE `sales_twos`
  ADD PRIMARY KEY (`id`),
  ADD KEY `sales_twos_sales_id_foreign` (`sales_id`),
  ADD KEY `sales_twos_client_id_foreign` (`client_id`);

--
-- Indexes for table `serial_numbers`
--
ALTER TABLE `serial_numbers`
  ADD PRIMARY KEY (`id`);

--
-- Indexes for table `stock_records`
--
ALTER TABLE `stock_records`
  ADD PRIMARY KEY (`id`),
  ADD KEY `stock_records_operation_id_foreign` (`operation_id`),
  ADD KEY `stock_records_item_id_foreign` (`item_id`),
  ADD KEY `stock_records_uom_equiv_id_foreign` (`uom_equiv_id`);

--
-- Indexes for table `storages`
--
ALTER TABLE `storages`
  ADD PRIMARY KEY (`id`),
  ADD KEY `storages_oum_id_foreign` (`oum_id`);

--
-- Indexes for table `transactions`
--
ALTER TABLE `transactions`
  ADD PRIMARY KEY (`id`),
  ADD KEY `transactions_currency_id_foreign` (`currency_id`),
  ADD KEY `transactions_user_id_foreign` (`user_id`);

--
-- Indexes for table `transfers`
--
ALTER TABLE `transfers`
  ADD PRIMARY KEY (`id`),
  ADD KEY `transfers_user_id_foreign` (`user_id`);

--
-- Indexes for table `users`
--
ALTER TABLE `users`
  ADD PRIMARY KEY (`id`),
  ADD UNIQUE KEY `users_email_unique` (`email`);

--
-- Indexes for table `user_assignments`
--
ALTER TABLE `user_assignments`
  ADD PRIMARY KEY (`id`),
  ADD KEY `user_assignments_user_id_foreign` (`user_id`),
  ADD KEY `user_assignments_lead_user_id_foreign` (`lead_user_id`);

--
-- Indexes for table `user_notifications`
--
ALTER TABLE `user_notifications`
  ADD PRIMARY KEY (`id`),
  ADD KEY `user_notifications_user_id_foreign` (`user_id`),
  ADD KEY `user_notifications_notification_id_foreign` (`notification_id`);

--
-- Indexes for table `vendors`
--
ALTER TABLE `vendors`
  ADD PRIMARY KEY (`id`),
  ADD KEY `vendors_account_id_foreign` (`account_id`);

--
-- AUTO_INCREMENT for dumped tables
--

--
-- AUTO_INCREMENT for table `accounts`
--
ALTER TABLE `accounts`
  MODIFY `id` bigint(20) UNSIGNED NOT NULL AUTO_INCREMENT, AUTO_INCREMENT=228;

--
-- AUTO_INCREMENT for table `account_types`
--
ALTER TABLE `account_types`
  MODIFY `id` bigint(20) UNSIGNED NOT NULL AUTO_INCREMENT, AUTO_INCREMENT=46;

--
-- AUTO_INCREMENT for table `archives`
--
ALTER TABLE `archives`
  MODIFY `id` bigint(20) UNSIGNED NOT NULL AUTO_INCREMENT, AUTO_INCREMENT=2;

--
-- AUTO_INCREMENT for table `archives_files`
--
ALTER TABLE `archives_files`
  MODIFY `id` bigint(20) UNSIGNED NOT NULL AUTO_INCREMENT, AUTO_INCREMENT=2;

--
-- AUTO_INCREMENT for table `clients`
--
ALTER TABLE `clients`
  MODIFY `id` bigint(20) UNSIGNED NOT NULL AUTO_INCREMENT, AUTO_INCREMENT=71;

--
-- AUTO_INCREMENT for table `companies`
--
ALTER TABLE `companies`
  MODIFY `id` int(11) NOT NULL AUTO_INCREMENT, AUTO_INCREMENT=3;

--
-- AUTO_INCREMENT for table `currencies`
--
ALTER TABLE `currencies`
  MODIFY `id` bigint(20) UNSIGNED NOT NULL AUTO_INCREMENT, AUTO_INCREMENT=3;

--
-- AUTO_INCREMENT for table `exchange_rates`
--
ALTER TABLE `exchange_rates`
  MODIFY `id` bigint(20) UNSIGNED NOT NULL AUTO_INCREMENT, AUTO_INCREMENT=9;

--
-- AUTO_INCREMENT for table `expenses`
--
ALTER TABLE `expenses`
  MODIFY `id` bigint(20) UNSIGNED NOT NULL AUTO_INCREMENT, AUTO_INCREMENT=3;

--
-- AUTO_INCREMENT for table `failed_jobs`
--
ALTER TABLE `failed_jobs`
  MODIFY `id` bigint(20) UNSIGNED NOT NULL AUTO_INCREMENT;

--
-- AUTO_INCREMENT for table `financial_records`
--
ALTER TABLE `financial_records`
  MODIFY `id` bigint(20) UNSIGNED NOT NULL AUTO_INCREMENT, AUTO_INCREMENT=42;

--
-- AUTO_INCREMENT for table `fuel_despensers`
--
ALTER TABLE `fuel_despensers`
  MODIFY `id` bigint(20) UNSIGNED NOT NULL AUTO_INCREMENT;

--
-- AUTO_INCREMENT for table `fuel_desp_strs`
--
ALTER TABLE `fuel_desp_strs`
  MODIFY `id` bigint(20) UNSIGNED NOT NULL AUTO_INCREMENT;

--
-- AUTO_INCREMENT for table `fuel_stations`
--
ALTER TABLE `fuel_stations`
  MODIFY `id` bigint(20) UNSIGNED NOT NULL AUTO_INCREMENT, AUTO_INCREMENT=3;

--
-- AUTO_INCREMENT for table `fuel_station_storages`
--
ALTER TABLE `fuel_station_storages`
  MODIFY `id` bigint(20) UNSIGNED NOT NULL AUTO_INCREMENT, AUTO_INCREMENT=5;

--
-- AUTO_INCREMENT for table `inventories`
--
ALTER TABLE `inventories`
  MODIFY `id` bigint(20) UNSIGNED NOT NULL AUTO_INCREMENT, AUTO_INCREMENT=2;

--
-- AUTO_INCREMENT for table `items`
--
ALTER TABLE `items`
  MODIFY `id` bigint(20) UNSIGNED NOT NULL AUTO_INCREMENT, AUTO_INCREMENT=15;

--
-- AUTO_INCREMENT for table `item_types`
--
ALTER TABLE `item_types`
  MODIFY `id` bigint(20) UNSIGNED NOT NULL AUTO_INCREMENT, AUTO_INCREMENT=25;

--
-- AUTO_INCREMENT for table `measurment_units`
--
ALTER TABLE `measurment_units`
  MODIFY `id` bigint(20) UNSIGNED NOT NULL AUTO_INCREMENT, AUTO_INCREMENT=35;

--
-- AUTO_INCREMENT for table `migrations`
--
ALTER TABLE `migrations`
  MODIFY `id` int(10) UNSIGNED NOT NULL AUTO_INCREMENT, AUTO_INCREMENT=66;

--
-- AUTO_INCREMENT for table `notifications`
--
ALTER TABLE `notifications`
  MODIFY `id` bigint(20) UNSIGNED NOT NULL AUTO_INCREMENT, AUTO_INCREMENT=32;

--
-- AUTO_INCREMENT for table `oauth_clients`
--
ALTER TABLE `oauth_clients`
  MODIFY `id` bigint(20) UNSIGNED NOT NULL AUTO_INCREMENT, AUTO_INCREMENT=5;

--
-- AUTO_INCREMENT for table `oauth_personal_access_clients`
--
ALTER TABLE `oauth_personal_access_clients`
  MODIFY `id` bigint(20) UNSIGNED NOT NULL AUTO_INCREMENT, AUTO_INCREMENT=3;

--
-- AUTO_INCREMENT for table `operations`
--
ALTER TABLE `operations`
  MODIFY `id` bigint(20) UNSIGNED NOT NULL AUTO_INCREMENT, AUTO_INCREMENT=7;

--
-- AUTO_INCREMENT for table `participators`
--
ALTER TABLE `participators`
  MODIFY `id` int(10) NOT NULL AUTO_INCREMENT;

--
-- AUTO_INCREMENT for table `permissions`
--
ALTER TABLE `permissions`
  MODIFY `id` bigint(20) UNSIGNED NOT NULL AUTO_INCREMENT, AUTO_INCREMENT=20;

--
-- AUTO_INCREMENT for table `projects`
--
ALTER TABLE `projects`
  MODIFY `id` bigint(20) UNSIGNED NOT NULL AUTO_INCREMENT, AUTO_INCREMENT=17;

--
-- AUTO_INCREMENT for table `projects_step`
--
ALTER TABLE `projects_step`
  MODIFY `id` int(10) NOT NULL AUTO_INCREMENT, AUTO_INCREMENT=5;

--
-- AUTO_INCREMENT for table `proposals`
--
ALTER TABLE `proposals`
  MODIFY `id` bigint(20) UNSIGNED NOT NULL AUTO_INCREMENT, AUTO_INCREMENT=10;

--
-- AUTO_INCREMENT for table `proposals_step`
--
ALTER TABLE `proposals_step`
  MODIFY `id` int(10) NOT NULL AUTO_INCREMENT, AUTO_INCREMENT=5;

--
-- AUTO_INCREMENT for table `pro_data`
--
ALTER TABLE `pro_data`
  MODIFY `id` bigint(20) UNSIGNED NOT NULL AUTO_INCREMENT, AUTO_INCREMENT=20;

--
-- AUTO_INCREMENT for table `pro_items`
--
ALTER TABLE `pro_items`
  MODIFY `id` bigint(20) UNSIGNED NOT NULL AUTO_INCREMENT, AUTO_INCREMENT=43;

--
-- AUTO_INCREMENT for table `purchases`
--
ALTER TABLE `purchases`
  MODIFY `id` bigint(20) UNSIGNED NOT NULL AUTO_INCREMENT, AUTO_INCREMENT=4;

--
-- AUTO_INCREMENT for table `roles`
--
ALTER TABLE `roles`
  MODIFY `id` bigint(20) UNSIGNED NOT NULL AUTO_INCREMENT, AUTO_INCREMENT=2;

--
-- AUTO_INCREMENT for table `sales`
--
ALTER TABLE `sales`
  MODIFY `id` bigint(20) UNSIGNED NOT NULL AUTO_INCREMENT, AUTO_INCREMENT=6;

--
-- AUTO_INCREMENT for table `sales_fours`
--
ALTER TABLE `sales_fours`
  MODIFY `id` bigint(20) UNSIGNED NOT NULL AUTO_INCREMENT;

--
-- AUTO_INCREMENT for table `sales_ones`
--
ALTER TABLE `sales_ones`
  MODIFY `id` bigint(20) UNSIGNED NOT NULL AUTO_INCREMENT, AUTO_INCREMENT=4;

--
-- AUTO_INCREMENT for table `sales_threes`
--
ALTER TABLE `sales_threes`
  MODIFY `id` bigint(20) UNSIGNED NOT NULL AUTO_INCREMENT;

--
-- AUTO_INCREMENT for table `sales_twos`
--
ALTER TABLE `sales_twos`
  MODIFY `id` bigint(20) UNSIGNED NOT NULL AUTO_INCREMENT;

--
-- AUTO_INCREMENT for table `serial_numbers`
--
ALTER TABLE `serial_numbers`
  MODIFY `id` int(100) NOT NULL AUTO_INCREMENT, AUTO_INCREMENT=18;

--
-- AUTO_INCREMENT for table `stock_records`
--
ALTER TABLE `stock_records`
  MODIFY `id` bigint(20) UNSIGNED NOT NULL AUTO_INCREMENT, AUTO_INCREMENT=33;

--
-- AUTO_INCREMENT for table `storages`
--
ALTER TABLE `storages`
  MODIFY `id` bigint(20) UNSIGNED NOT NULL AUTO_INCREMENT, AUTO_INCREMENT=6;

--
-- AUTO_INCREMENT for table `transactions`
--
ALTER TABLE `transactions`
  MODIFY `id` bigint(20) UNSIGNED NOT NULL AUTO_INCREMENT, AUTO_INCREMENT=2;

--
-- AUTO_INCREMENT for table `transfers`
--
ALTER TABLE `transfers`
  MODIFY `id` bigint(20) UNSIGNED NOT NULL AUTO_INCREMENT;

--
-- AUTO_INCREMENT for table `users`
--
ALTER TABLE `users`
  MODIFY `id` bigint(20) UNSIGNED NOT NULL AUTO_INCREMENT, AUTO_INCREMENT=16;

--
-- AUTO_INCREMENT for table `user_assignments`
--
ALTER TABLE `user_assignments`
  MODIFY `id` bigint(20) UNSIGNED NOT NULL AUTO_INCREMENT;

--
-- AUTO_INCREMENT for table `user_notifications`
--
ALTER TABLE `user_notifications`
  MODIFY `id` bigint(20) UNSIGNED NOT NULL AUTO_INCREMENT, AUTO_INCREMENT=32;

--
-- AUTO_INCREMENT for table `vendors`
--
ALTER TABLE `vendors`
  MODIFY `id` bigint(20) UNSIGNED NOT NULL AUTO_INCREMENT, AUTO_INCREMENT=9;

--
-- Constraints for dumped tables
--

--
-- Constraints for table `accounts`
--
ALTER TABLE `accounts`
  ADD CONSTRAINT `accounts_type_id_foreign` FOREIGN KEY (`type_id`) REFERENCES `account_types` (`id`),
  ADD CONSTRAINT `accounts_user_id_foreign` FOREIGN KEY (`user_id`) REFERENCES `users` (`id`);

--
-- Constraints for table `archives`
--
ALTER TABLE `archives`
  ADD CONSTRAINT `archives_account_id_foreign` FOREIGN KEY (`account_id`) REFERENCES `accounts` (`id`) ON DELETE CASCADE,
  ADD CONSTRAINT `archives_user_id_foreign` FOREIGN KEY (`user_id`) REFERENCES `users` (`id`) ON DELETE CASCADE;

--
-- Constraints for table `archives_files`
--
ALTER TABLE `archives_files`
  ADD CONSTRAINT `archives_files_archive_id_foreign` FOREIGN KEY (`archive_id`) REFERENCES `archives` (`id`);

--
-- Constraints for table `clients`
--
ALTER TABLE `clients`
  ADD CONSTRAINT `clients_account_id_foreign` FOREIGN KEY (`account_id`) REFERENCES `accounts` (`id`);

--
-- Constraints for table `exchange_rates`
--
ALTER TABLE `exchange_rates`
  ADD CONSTRAINT `exchange_rates_currency_id_foreign` FOREIGN KEY (`currency_id`) REFERENCES `currencies` (`id`),
  ADD CONSTRAINT `exchange_rates_user_id_foreign` FOREIGN KEY (`user_id`) REFERENCES `users` (`id`);

--
-- Constraints for table `expenses`
--
ALTER TABLE `expenses`
  ADD CONSTRAINT `expenses_currency_id_foreign` FOREIGN KEY (`currency_id`) REFERENCES `currencies` (`id`) ON DELETE CASCADE,
  ADD CONSTRAINT `expenses_user_id_foreign` FOREIGN KEY (`user_id`) REFERENCES `users` (`id`) ON DELETE CASCADE;

--
-- Constraints for table `financial_records`
--
ALTER TABLE `financial_records`
  ADD CONSTRAINT `financial_records_account_id_foreign` FOREIGN KEY (`account_id`) REFERENCES `accounts` (`id`),
  ADD CONSTRAINT `financial_records_currency_id_foreign` FOREIGN KEY (`currency_id`) REFERENCES `currencies` (`id`),
  ADD CONSTRAINT `financial_records_ex_rate_id_foreign` FOREIGN KEY (`ex_rate_id`) REFERENCES `exchange_rates` (`id`);

--
-- Constraints for table `fuel_despensers`
--
ALTER TABLE `fuel_despensers`
  ADD CONSTRAINT `fuel_despensers_station_id_foreign` FOREIGN KEY (`station_id`) REFERENCES `fuel_stations` (`id`);

--
-- Constraints for table `fuel_desp_strs`
--
ALTER TABLE `fuel_desp_strs`
  ADD CONSTRAINT `fuel_desp_strs_despencer_id_foreign` FOREIGN KEY (`despencer_id`) REFERENCES `fuel_despensers` (`id`),
  ADD CONSTRAINT `fuel_desp_strs_storage_id_foreign` FOREIGN KEY (`storage_id`) REFERENCES `fuel_station_storages` (`id`);

--
-- Constraints for table `fuel_station_storages`
--
ALTER TABLE `fuel_station_storages`
  ADD CONSTRAINT `fuel_station_storages_oum_id_foreign` FOREIGN KEY (`oum_id`) REFERENCES `measurment_units` (`id`),
  ADD CONSTRAINT `fuel_station_storages_station_id_foreign` FOREIGN KEY (`station_id`) REFERENCES `fuel_stations` (`id`);

--
-- Constraints for table `items`
--
ALTER TABLE `items`
  ADD CONSTRAINT `items_type_id_foreign` FOREIGN KEY (`type_id`) REFERENCES `item_types` (`id`),
  ADD CONSTRAINT `items_uom_equiv_id_foreign` FOREIGN KEY (`uom_equiv_id`) REFERENCES `measurment_units` (`id`),
  ADD CONSTRAINT `items_uom_id_foreign` FOREIGN KEY (`uom_id`) REFERENCES `measurment_units` (`id`);

--
-- Constraints for table `model_has_permissions`
--
ALTER TABLE `model_has_permissions`
  ADD CONSTRAINT `model_has_permissions_permission_id_foreign` FOREIGN KEY (`permission_id`) REFERENCES `permissions` (`id`) ON DELETE CASCADE;

--
-- Constraints for table `model_has_roles`
--
ALTER TABLE `model_has_roles`
  ADD CONSTRAINT `model_has_roles_role_id_foreign` FOREIGN KEY (`role_id`) REFERENCES `roles` (`id`) ON DELETE CASCADE;

--
-- Constraints for table `notifications`
--
ALTER TABLE `notifications`
  ADD CONSTRAINT `notifications_user_id_foreign` FOREIGN KEY (`user_id`) REFERENCES `users` (`id`);

--
-- Constraints for table `projects`
--
ALTER TABLE `projects`
  ADD CONSTRAINT `projects_proposal_id_foreign` FOREIGN KEY (`proposal_id`) REFERENCES `proposals` (`id`),
  ADD CONSTRAINT `projects_user_id_foreign` FOREIGN KEY (`user_id`) REFERENCES `users` (`id`);

--
-- Constraints for table `proposals`
--
ALTER TABLE `proposals`
  ADD CONSTRAINT `proposals_user_id_foreign` FOREIGN KEY (`user_id`) REFERENCES `users` (`id`);

--
-- Constraints for table `pro_data`
--
ALTER TABLE `pro_data`
  ADD CONSTRAINT `pro_data_client_id_foreign` FOREIGN KEY (`client_id`) REFERENCES `clients` (`id`),
  ADD CONSTRAINT `pro_data_currency_id_foreign` FOREIGN KEY (`currency_id`) REFERENCES `currencies` (`id`),
  ADD CONSTRAINT `pro_data_project_id_foreign` FOREIGN KEY (`project_id`) REFERENCES `projects` (`id`),
  ADD CONSTRAINT `pro_data_proposal_id_foreign` FOREIGN KEY (`proposal_id`) REFERENCES `proposals` (`id`);

--
-- Constraints for table `pro_items`
--
ALTER TABLE `pro_items`
  ADD CONSTRAINT `pro_items_item_id_foreign` FOREIGN KEY (`item_id`) REFERENCES `items` (`id`),
  ADD CONSTRAINT `pro_items_operation_id_foreign` FOREIGN KEY (`operation_id`) REFERENCES `operations` (`id`),
  ADD CONSTRAINT `pro_items_project_id_foreign` FOREIGN KEY (`project_id`) REFERENCES `projects` (`id`),
  ADD CONSTRAINT `pro_items_proposal_id_foreign` FOREIGN KEY (`proposal_id`) REFERENCES `proposals` (`id`),
  ADD CONSTRAINT `pro_items_unit_id_foreign` FOREIGN KEY (`unit_id`) REFERENCES `measurment_units` (`id`),
  ADD CONSTRAINT `pro_items_uom_equiv_id_foreign` FOREIGN KEY (`uom_equiv_id`) REFERENCES `measurment_units` (`id`);

--
-- Constraints for table `purchases`
--
ALTER TABLE `purchases`
  ADD CONSTRAINT `purchases_user_id_foreign` FOREIGN KEY (`user_id`) REFERENCES `users` (`id`),
  ADD CONSTRAINT `purchases_vendor_id_foreign` FOREIGN KEY (`vendor_id`) REFERENCES `vendors` (`id`);

--
-- Constraints for table `role_has_permissions`
--
ALTER TABLE `role_has_permissions`
  ADD CONSTRAINT `role_has_permissions_permission_id_foreign` FOREIGN KEY (`permission_id`) REFERENCES `permissions` (`id`) ON DELETE CASCADE,
  ADD CONSTRAINT `role_has_permissions_role_id_foreign` FOREIGN KEY (`role_id`) REFERENCES `roles` (`id`) ON DELETE CASCADE;

--
-- Constraints for table `sales`
--
ALTER TABLE `sales`
  ADD CONSTRAINT `sales_currency_id_foreign` FOREIGN KEY (`currency_id`) REFERENCES `currencies` (`id`) ON DELETE CASCADE,
  ADD CONSTRAINT `sales_user_id_foreign` FOREIGN KEY (`user_id`) REFERENCES `users` (`id`) ON DELETE CASCADE;

--
-- Constraints for table `sales_fours`
--
ALTER TABLE `sales_fours`
  ADD CONSTRAINT `sales_fours_sales_id_foreign` FOREIGN KEY (`sales_id`) REFERENCES `sales` (`id`);

--
-- Constraints for table `sales_ones`
--
ALTER TABLE `sales_ones`
  ADD CONSTRAINT `sales_ones_sales_id_foreign` FOREIGN KEY (`sales_id`) REFERENCES `sales` (`id`);

--
-- Constraints for table `sales_threes`
--
ALTER TABLE `sales_threes`
  ADD CONSTRAINT `sales_threes_project_id_foreign` FOREIGN KEY (`project_id`) REFERENCES `projects` (`id`) ON DELETE CASCADE,
  ADD CONSTRAINT `sales_threes_sales_id_foreign` FOREIGN KEY (`sales_id`) REFERENCES `sales` (`id`);

--
-- Constraints for table `sales_twos`
--
ALTER TABLE `sales_twos`
  ADD CONSTRAINT `sales_twos_client_id_foreign` FOREIGN KEY (`client_id`) REFERENCES `clients` (`id`) ON DELETE CASCADE,
  ADD CONSTRAINT `sales_twos_sales_id_foreign` FOREIGN KEY (`sales_id`) REFERENCES `sales` (`id`);

--
-- Constraints for table `stock_records`
--
ALTER TABLE `stock_records`
  ADD CONSTRAINT `stock_records_item_id_foreign` FOREIGN KEY (`item_id`) REFERENCES `items` (`id`),
  ADD CONSTRAINT `stock_records_operation_id_foreign` FOREIGN KEY (`operation_id`) REFERENCES `operations` (`id`),
  ADD CONSTRAINT `stock_records_uom_equiv_id_foreign` FOREIGN KEY (`uom_equiv_id`) REFERENCES `measurment_units` (`id`);

--
-- Constraints for table `storages`
--
ALTER TABLE `storages`
  ADD CONSTRAINT `storages_oum_id_foreign` FOREIGN KEY (`oum_id`) REFERENCES `measurment_units` (`id`);

--
-- Constraints for table `transactions`
--
ALTER TABLE `transactions`
  ADD CONSTRAINT `transactions_currency_id_foreign` FOREIGN KEY (`currency_id`) REFERENCES `currencies` (`id`) ON DELETE CASCADE,
  ADD CONSTRAINT `transactions_user_id_foreign` FOREIGN KEY (`user_id`) REFERENCES `users` (`id`) ON DELETE CASCADE;

--
-- Constraints for table `transfers`
--
ALTER TABLE `transfers`
  ADD CONSTRAINT `transfers_user_id_foreign` FOREIGN KEY (`user_id`) REFERENCES `users` (`id`);

--
-- Constraints for table `user_assignments`
--
ALTER TABLE `user_assignments`
  ADD CONSTRAINT `user_assignments_lead_user_id_foreign` FOREIGN KEY (`lead_user_id`) REFERENCES `users` (`id`) ON DELETE CASCADE,
  ADD CONSTRAINT `user_assignments_user_id_foreign` FOREIGN KEY (`user_id`) REFERENCES `users` (`id`) ON DELETE CASCADE;

--
-- Constraints for table `user_notifications`
--
ALTER TABLE `user_notifications`
  ADD CONSTRAINT `user_notifications_notification_id_foreign` FOREIGN KEY (`notification_id`) REFERENCES `notifications` (`id`) ON DELETE CASCADE,
  ADD CONSTRAINT `user_notifications_user_id_foreign` FOREIGN KEY (`user_id`) REFERENCES `users` (`id`) ON DELETE CASCADE;

--
-- Constraints for table `vendors`
--
ALTER TABLE `vendors`
  ADD CONSTRAINT `vendors_account_id_foreign` FOREIGN KEY (`account_id`) REFERENCES `accounts` (`id`);
COMMIT;

/*!40101 SET CHARACTER_SET_CLIENT=@OLD_CHARACTER_SET_CLIENT */;
/*!40101 SET CHARACTER_SET_RESULTS=@OLD_CHARACTER_SET_RESULTS */;
/*!40101 SET COLLATION_CONNECTION=@OLD_COLLATION_CONNECTION */;
